room,start time,end time,mean,std,min,median,max,sun,diff,preMean,preStd,preMin,preMedian,preMax,preSun,preDiff
1,2016/01/05 9:45:17,2016/01/05 9:46:11,217.175,28.6109988568,140.31,220.8825,283.995,2,143.685,230.55025,48.1038358157,101.655,219.33,333.225,2,231.57
1,2016/01/05 9:46:12,2016/01/05 9:47:06,201.88025,25.3082513554,135.72,193.995,273.96,2,138.24,217.175,28.6109988568,140.31,220.8825,283.995,2,143.685
1,2016/01/05 9:47:06,2016/01/05 9:48:00,210.967,28.5545853659,151.875,202.365,315.54,2,163.665,201.88025,25.3082513554,135.72,193.995,273.96,2,138.24
1,2016/01/05 9:48:01,2016/01/05 9:48:56,269.2495,54.9706253962,135.72,294.615,333.63,2,197.91,210.967,28.5545853659,151.875,202.365,315.54,2,163.665
1,2016/01/05 9:48:57,2016/01/05 9:49:51,237.44875,48.8122279043,28.935,248.3325,312.075,2,283.14,269.2495,54.9706253962,135.72,294.615,333.63,2,197.91
1,2016/01/05 9:49:51,2016/01/05 9:50:45,218.10475,38.697553433,25.47,211.7925,319.32,2,293.85,237.44875,48.8122279043,28.935,248.3325,312.075,2,283.14
1,2016/01/05 9:50:46,2016/01/05 9:51:40,168.306,40.3016838386,125.82,145.5525,259.2,2,133.38,218.10475,38.697553433,25.47,211.7925,319.32,2,293.85
1,2016/01/05 9:51:40,2016/01/05 9:52:35,298.8315,77.9165489301,160.245,339.525,436.635,2,276.39,168.306,40.3016838386,125.82,145.5525,259.2,2,133.38
1,2016/01/05 9:52:35,2016/01/05 9:53:30,246.43175,70.5187328067,125.55,217.575,356.4,2,230.85,298.8315,77.9165489301,160.245,339.525,436.635,2,276.39
1,2016/01/05 9:53:30,2016/01/05 9:54:24,188.354,30.4724786419,120.96,202.0725,235.755,2,114.795,246.43175,70.5187328067,125.55,217.575,356.4,2,230.85
1,2016/01/05 9:54:24,2016/01/05 9:55:19,212.0865,19.4732210904,127.98,212.175,247.77,2,119.79,188.354,30.4724786419,120.96,202.0725,235.755,2,114.795
1,2016/01/05 9:55:19,2016/01/05 9:56:14,155.542,36.2695984147,123.21,139.23,265.905,2,142.695,212.0865,19.4732210904,127.98,212.175,247.77,2,119.79
1,2016/01/05 9:56:14,2016/01/05 9:57:09,138.80275,7.39776263314,131.4,138.375,182.205,2,50.805,155.542,36.2695984147,123.21,139.23,265.905,2,142.695
1,2016/01/05 9:57:09,2016/01/05 9:58:03,205.343,72.0840393863,131.535,156.015,348.795,2,217.26,138.80275,7.39776263314,131.4,138.375,182.205,2,50.805
1,2016/01/05 9:58:03,2016/01/05 9:58:58,270.13,16.4509954616,127.575,273.105,284.4,2,156.825,205.343,72.0840393863,131.535,156.015,348.795,2,217.26
1,2016/01/05 9:58:58,2016/01/05 9:59:53,259.884,15.0185702032,211.995,255.24,329.58,2,117.585,270.13,16.4509954616,127.575,273.105,284.4,2,156.825
1,2016/01/05 9:59:53,2016/01/05 10:00:47,250.80375,15.0840508455,207.09,255.195,290.025,2,82.935,259.884,15.0185702032,211.995,255.24,329.58,2,117.585
1,2016/01/05 10:00:47,2016/01/05 10:01:42,248.873,43.5758840447,150.345,231.885,385.2,2,234.855,250.80375,15.0840508455,207.09,255.195,290.025,2,82.935
1,2016/01/05 10:01:42,2016/01/05 10:02:36,252.842,65.2778026184,74.205,256.14,386.145,2,311.94,248.873,43.5758840447,150.345,231.885,385.2,2,234.855
1,2016/01/05 10:02:36,2016/01/05 10:03:31,232.634,32.264778799,150.75,228.8925,347.085,2,196.335,252.842,65.2778026184,74.205,256.14,386.145,2,311.94
1,2016/01/05 10:03:31,2016/01/05 10:04:25,186.387,43.1011988018,130.635,171.3375,293.58,2,162.945,232.634,32.264778799,150.75,228.8925,347.085,2,196.335
1,2016/01/05 10:04:25,2016/01/05 10:05:19,219.264,44.5064864691,146.025,236.4075,274.23,2,128.205,186.387,43.1011988018,130.635,171.3375,293.58,2,162.945
1,2016/01/05 10:05:20,2016/01/05 10:06:15,207.41875,40.4387103555,144.72,232.4475,269.775,2,125.055,219.264,44.5064864691,146.025,236.4075,274.23,2,128.205
1,2016/01/05 10:06:15,2016/01/05 10:07:10,240.729,43.9985646966,155.97,267.795,305.325,2,149.355,207.41875,40.4387103555,144.72,232.4475,269.775,2,125.055
1,2016/01/05 10:07:10,2016/01/05 10:08:04,220.22275,24.5947832973,193.59,212.6475,297.225,2,103.635,240.729,43.9985646966,155.97,267.795,305.325,2,149.355
1,2016/01/05 10:08:04,2016/01/05 10:08:59,191.0945,18.3238991461,142.2,188.55,271.26,2,129.06,220.22275,24.5947832973,193.59,212.6475,297.225,2,103.635
1,2016/01/05 10:08:59,2016/01/05 10:09:54,301.44125,77.6341180359,143.55,296.325,454.68,2,311.13,191.0945,18.3238991461,142.2,188.55,271.26,2,129.06
1,2016/01/05 10:09:54,2016/01/05 10:10:49,244.4595,71.5891809187,138.285,219.3525,418.275,2,279.99,301.44125,77.6341180359,143.55,296.325,454.68,2,311.13
1,2016/01/05 10:10:49,2016/01/05 10:11:43,197.627,21.9950071506,146.25,199.44,249.705,2,103.455,244.4595,71.5891809187,138.285,219.3525,418.275,2,279.99
1,2016/01/05 10:11:44,2016/01/05 10:12:38,212.8265,76.1077308084,116.145,207.315,419.04,2,302.895,197.627,21.9950071506,146.25,199.44,249.705,2,103.455
1,2016/01/05 10:12:39,2016/01/05 10:13:33,141.1585,11.0591448913,123.3,138.9825,184.68,2,61.38,212.8265,76.1077308084,116.145,207.315,419.04,2,302.895
1,2016/01/05 10:13:33,2016/01/05 10:14:28,132.96625,4.51659450723,129.285,131.76,156.555,2,27.27,141.1585,11.0591448913,123.3,138.9825,184.68,2,61.38
1,2016/01/05 10:14:28,2016/01/05 10:15:22,197.92025,36.3339477258,143.28,186.0975,302.715,2,159.435,132.96625,4.51659450723,129.285,131.76,156.555,2,27.27
1,2016/01/05 10:15:23,2016/01/05 10:16:17,151.9955,4.86181915571,147.735,150.03,170.19,2,22.455,197.92025,36.3339477258,143.28,186.0975,302.715,2,159.435
1,2016/01/05 10:16:17,2016/01/05 10:17:12,191.7335,63.3701846956,55.53,164.0025,329.625,2,274.095,151.9955,4.86181915571,147.735,150.03,170.19,2,22.455
1,2016/01/05 10:17:12,2016/01/05 10:18:06,212.264,20.864325146,147.42,219.195,267.03,2,119.61,191.7335,63.3701846956,55.53,164.0025,329.625,2,274.095
1,2016/01/05 10:18:07,2016/01/05 10:19:01,372.2525,107.859878871,154.35,414.6075,535.77,2,381.42,212.264,20.864325146,147.42,219.195,267.03,2,119.61
1,2016/01/05 10:19:01,2016/01/05 10:19:55,399.4465,29.4463027428,339.03,415.1475,439.02,2,99.99,372.2525,107.859878871,154.35,414.6075,535.77,2,381.42
1,2016/01/05 10:19:56,2016/01/05 10:20:50,373.28775,25.916756202,266.4,373.3425,480.78,2,214.38,399.4465,29.4463027428,339.03,415.1475,439.02,2,99.99
1,2016/01/05 10:20:50,2016/01/05 10:21:44,264.7615,56.1801650764,224.1,240.75,396.09,2,171.99,373.28775,25.916756202,266.4,373.3425,480.78,2,214.38
1,2016/01/05 10:21:45,2016/01/05 10:22:39,265.65025,24.3507492243,160.74,271.215,293.85,2,133.11,264.7615,56.1801650764,224.1,240.75,396.09,2,171.99
1,2016/01/05 10:22:39,2016/01/05 10:23:33,369.337,79.1274048707,194.58,390.5775,489.915,2,295.335,265.65025,24.3507492243,160.74,271.215,293.85,2,133.11
1,2016/01/05 10:23:33,2016/01/05 10:24:28,178.86925,76.0772038428,86.715,200.52,391.86,2,305.145,369.337,79.1274048707,194.58,390.5775,489.915,2,295.335
1,2016/01/05 10:24:28,2016/01/05 10:25:22,121.712,9.88701426142,103.95,123.615,147.06,2,43.11,178.86925,76.0772038428,86.715,200.52,391.86,2,305.145
1,2016/01/05 10:25:22,2016/01/05 10:26:17,180.7775,100.147037045,119.79,122.985,547.785,2,427.995,121.712,9.88701426142,103.95,123.615,147.06,2,43.11
1,2016/01/05 10:26:17,2016/01/05 10:27:13,298.13725,23.1469883852,162.585,300.78,356.805,2,194.22,180.7775,100.147037045,119.79,122.985,547.785,2,427.995
1,2016/01/05 10:27:13,2016/01/05 10:28:07,310.3495,32.4670449209,212.76,311.805,369.0,2,156.24,298.13725,23.1469883852,162.585,300.78,356.805,2,194.22
1,2016/01/05 10:28:08,2016/01/05 10:29:02,357.7225,35.9504622681,170.415,361.35,449.055,2,278.64,310.3495,32.4670449209,212.76,311.805,369.0,2,156.24
1,2016/01/05 10:29:02,2016/01/05 10:29:57,343.83675,28.0682211577,225.54,344.385,390.555,2,165.015,357.7225,35.9504622681,170.415,361.35,449.055,2,278.64
1,2016/01/05 10:29:57,2016/01/05 10:30:51,321.913,20.6716384161,222.525,323.6175,347.355,2,124.83,343.83675,28.0682211577,225.54,344.385,390.555,2,165.015
1,2016/01/05 10:30:51,2016/01/05 10:31:46,341.68125,13.2460666964,289.8,347.1075,369.135,2,79.335,321.913,20.6716384161,222.525,323.6175,347.355,2,124.83
1,2016/01/05 10:31:46,2016/01/05 10:32:40,336.9285,65.3701159704,231.975,363.8925,463.41,2,231.435,341.68125,13.2460666964,289.8,347.1075,369.135,2,79.335
1,2016/01/05 10:32:41,2016/01/05 10:33:35,300.4075,92.7058678582,81.405,297.225,460.215,2,378.81,336.9285,65.3701159704,231.975,363.8925,463.41,2,231.435
1,2016/01/05 10:33:35,2016/01/05 10:34:29,167.2975,76.356177728,69.075,129.42,313.245,2,244.17,300.4075,92.7058678582,81.405,297.225,460.215,2,378.81
1,2016/01/05 10:34:29,2016/01/05 10:35:24,190.221,59.9600048529,91.17,197.2125,308.16,2,216.99,167.2975,76.356177728,69.075,129.42,313.245,2,244.17
1,2016/01/05 10:35:24,2016/01/05 10:36:18,147.831,35.1591860475,112.635,133.7625,220.995,2,108.36,190.221,59.9600048529,91.17,197.2125,308.16,2,216.99
1,2016/01/05 10:36:18,2016/01/05 10:37:13,210.4455,35.6612919195,118.485,222.1425,268.92,2,150.435,147.831,35.1591860475,112.635,133.7625,220.995,2,108.36
1,2016/01/05 10:37:13,2016/01/05 10:38:07,241.4005,38.6430741809,175.14,246.8025,359.235,2,184.095,210.4455,35.6612919195,118.485,222.1425,268.92,2,150.435
1,2016/01/05 10:38:08,2016/01/05 10:39:02,216.06575,51.3384240173,131.355,233.5275,290.34,2,158.985,241.4005,38.6430741809,175.14,246.8025,359.235,2,184.095
1,2016/01/05 10:39:02,2016/01/05 10:39:56,250.08375,142.438105731,117.99,160.0425,542.025,2,424.035,216.06575,51.3384240173,131.355,233.5275,290.34,2,158.985
1,2016/01/05 10:39:57,2016/01/05 10:40:51,316.04875,37.7648141596,193.815,328.59,414.315,2,220.5,250.08375,142.438105731,117.99,160.0425,542.025,2,424.035
1,2016/01/05 10:40:52,2016/01/05 10:41:46,349.23375,33.8525363782,276.615,335.1375,418.95,2,142.335,316.04875,37.7648141596,193.815,328.59,414.315,2,220.5
1,2016/01/05 10:41:46,2016/01/05 10:42:40,348.47675,30.4369615813,202.275,354.6,381.735,2,179.46,349.23375,33.8525363782,276.615,335.1375,418.95,2,142.335
1,2016/01/05 10:42:41,2016/01/05 10:43:35,363.329,25.0907224413,338.715,358.605,457.695,2,118.98,348.47675,30.4369615813,202.275,354.6,381.735,2,179.46
1,2016/01/05 10:43:35,2016/01/05 10:44:29,344.94125,26.8401930317,266.175,342.4725,442.035,2,175.86,363.329,25.0907224413,338.715,358.605,457.695,2,118.98
1,2016/01/05 10:44:30,2016/01/05 10:45:24,342.3855,3.11545216729,333.0,342.5175,350.145,2,17.145,344.94125,26.8401930317,266.175,342.4725,442.035,2,175.86
1,2016/01/05 10:45:24,2016/01/05 10:46:18,334.26725,12.6969089987,250.11,330.6825,366.93,2,116.82,342.3855,3.11545216729,333.0,342.5175,350.145,2,17.145
1,2016/01/05 10:46:19,2016/01/05 10:47:13,327.29575,28.5371081533,175.545,334.8225,351.135,2,175.59,334.26725,12.6969089987,250.11,330.6825,366.93,2,116.82
1,2016/01/05 10:47:13,2016/01/05 10:48:08,197.162,73.4796425245,51.39,158.04,373.455,2,322.065,327.29575,28.5371081533,175.545,334.8225,351.135,2,175.59
1,2016/01/05 10:48:08,2016/01/05 10:49:03,233.05475,39.309181637,134.55,247.455,313.92,2,179.37,197.162,73.4796425245,51.39,158.04,373.455,2,322.065
1,2016/01/05 10:49:03,2016/01/05 10:49:57,241.15375,27.2633589308,177.39,237.4875,305.415,2,128.025,233.05475,39.309181637,134.55,247.455,313.92,2,179.37
1,2016/01/05 10:49:57,2016/01/05 10:50:52,228.49575,43.0773723427,107.73,230.805,326.7,2,218.97,241.15375,27.2633589308,177.39,237.4875,305.415,2,128.025
1,2016/01/05 10:50:52,2016/01/05 10:51:46,204.0045,36.2845578413,140.13,221.58,250.2,2,110.07,228.49575,43.0773723427,107.73,230.805,326.7,2,218.97
1,2016/01/05 10:51:47,2016/01/05 10:52:41,146.41225,5.42674834158,123.21,146.25,163.89,2,40.68,204.0045,36.2845578413,140.13,221.58,250.2,2,110.07
1,2016/01/05 10:52:41,2016/01/05 10:53:35,177.99025,44.5975432355,137.295,146.34,274.23,2,136.935,146.41225,5.42674834158,123.21,146.25,163.89,2,40.68
1,2016/01/05 10:53:36,2016/01/05 10:54:30,317.94025,78.9915378278,137.16,324.495,491.895,2,354.735,177.99025,44.5975432355,137.295,146.34,274.23,2,136.935
1,2016/01/05 10:54:30,2016/01/05 10:55:25,294.8925,95.5351542956,45.225,342.0,409.275,2,364.05,317.94025,78.9915378278,137.16,324.495,491.895,2,354.735
1,2016/01/05 10:55:25,2016/01/05 10:56:19,186.433,86.8877908692,21.87,153.405,402.705,2,380.835,294.8925,95.5351542956,45.225,342.0,409.275,2,364.05
1,2016/01/05 10:56:20,2016/01/05 10:57:14,152.072,30.5242562563,90.675,160.1775,198.945,2,108.27,186.433,86.8877908692,21.87,153.405,402.705,2,380.835
1,2016/01/05 10:57:14,2016/01/05 10:58:09,128.45975,36.9972889173,89.91,110.5875,208.98,2,119.07,152.072,30.5242562563,90.675,160.1775,198.945,2,108.27
1,2016/01/05 10:58:09,2016/01/05 10:59:03,185.20975,19.4655191155,103.815,188.6625,209.385,2,105.57,128.45975,36.9972889173,89.91,110.5875,208.98,2,119.07
1,2016/01/05 10:59:04,2016/01/05 10:59:58,235.358,99.3569158066,176.94,193.905,552.195,2,375.255,185.20975,19.4655191155,103.815,188.6625,209.385,2,105.57
1,2016/01/05 10:59:58,2016/01/05 11:00:52,287.05875,63.4843400254,170.73,267.165,520.11,2,349.38,235.358,99.3569158066,176.94,193.905,552.195,2,375.255
1,2016/01/05 11:00:52,2016/01/05 11:01:47,279.84175,3.26759096145,263.835,279.495,298.53,3,34.695,287.05875,63.4843400254,170.73,267.165,520.11,2,349.38
1,2016/01/05 11:01:47,2016/01/05 11:02:41,243.22975,80.4769869536,56.565,263.025,419.175,3,362.61,279.84175,3.26759096145,263.835,279.495,298.53,3,34.695
1,2016/01/05 11:02:41,2016/01/05 11:03:36,198.418,21.2079448365,154.8,196.7175,254.655,3,99.855,243.22975,80.4769869536,56.565,263.025,419.175,3,362.61
1,2016/01/05 11:03:36,2016/01/05 11:04:30,150.75275,37.5749005443,109.35,159.84,282.105,3,172.755,198.418,21.2079448365,154.8,196.7175,254.655,3,99.855
1,2016/01/05 11:04:30,2016/01/05 11:05:24,247.22075,69.4852528675,116.91,272.88,386.145,3,269.235,150.75275,37.5749005443,109.35,159.84,282.105,3,172.755
1,2016/01/05 11:05:25,2016/01/05 11:06:19,255.753,32.8672941543,166.23,265.77,295.11,3,128.88,247.22075,69.4852528675,116.91,272.88,386.145,3,269.235
1,2016/01/05 11:06:19,2016/01/05 11:07:14,238.27075,50.7524839981,120.015,261.0225,293.445,3,173.43,255.753,32.8672941543,166.23,265.77,295.11,3,128.88
1,2016/01/05 11:07:14,2016/01/05 11:08:08,170.206,39.979145899,125.28,176.445,244.215,3,118.935,238.27075,50.7524839981,120.015,261.0225,293.445,3,173.43
1,2016/01/05 11:08:09,2016/01/05 11:09:03,260.91825,80.2169026137,181.035,221.4675,444.015,3,262.98,170.206,39.979145899,125.28,176.445,244.215,3,118.935
1,2016/01/05 11:09:03,2016/01/05 11:09:57,406.586,53.4343161645,255.195,411.7275,502.38,3,247.185,260.91825,80.2169026137,181.035,221.4675,444.015,3,262.98
1,2016/01/05 11:09:58,2016/01/05 11:10:52,390.5315,81.1502181727,85.68,433.5525,457.02,3,371.34,406.586,53.4343161645,255.195,411.7275,502.38,3,247.185
1,2016/01/05 11:10:52,2016/01/05 11:11:47,380.869,93.433448828,73.575,409.3425,593.325,3,519.75,390.5315,81.1502181727,85.68,433.5525,457.02,3,371.34
1,2016/01/05 11:11:47,2016/01/05 11:13:46,264.40325,88.9729822205,31.68,276.12,460.71,3,429.03,380.869,93.433448828,73.575,409.3425,593.325,3,519.75
1,2016/01/05 11:13:46,2016/01/05 11:14:40,85.0895,45.478043395,35.46,60.075,202.32,3,166.86,264.40325,88.9729822205,31.68,276.12,460.71,3,429.03
1,2016/01/05 11:14:41,2016/01/05 11:15:35,71.12775,15.5949752443,55.26,68.3325,163.755,3,108.495,85.0895,45.478043395,35.46,60.075,202.32,3,166.86
1,2016/01/05 11:15:35,2016/01/05 11:16:30,74.86975,17.1594583368,49.77,69.93,166.275,3,116.505,71.12775,15.5949752443,55.26,68.3325,163.755,3,108.495
1,2016/01/05 11:16:30,2016/01/05 11:17:24,50.20725,12.2067383543,21.465,49.23,95.76,3,74.295,74.86975,17.1594583368,49.77,69.93,166.275,3,116.505
1,2016/01/05 11:17:24,2016/01/05 11:18:19,81.5535,14.5574366844,44.55,81.765,160.92,3,116.37,50.20725,12.2067383543,21.465,49.23,95.76,3,74.295
1,2016/01/05 11:18:19,2016/01/05 11:19:13,97.3915,29.7653605803,64.845,85.8375,184.32,3,119.475,81.5535,14.5574366844,44.55,81.765,160.92,3,116.37
1,2016/01/05 11:19:14,2016/01/05 11:20:09,223.242,102.003118804,48.915,285.0075,359.595,3,310.68,97.3915,29.7653605803,64.845,85.8375,184.32,3,119.475
1,2016/01/05 11:20:09,2016/01/05 11:21:03,281.84125,20.8614717371,172.53,283.995,316.125,3,143.595,223.242,102.003118804,48.915,285.0075,359.595,3,310.68
1,2016/01/05 11:21:03,2016/01/05 11:21:57,243.78075,39.067824509,124.065,253.53,285.885,3,161.82,281.84125,20.8614717371,172.53,283.995,316.125,3,143.595
1,2016/01/05 11:21:58,2016/01/05 11:22:52,264.30475,21.6758745049,137.25,265.7475,296.28,3,159.03,243.78075,39.067824509,124.065,253.53,285.885,3,161.82
1,2016/01/05 11:22:53,2016/01/05 11:23:47,236.069,109.979663736,12.465,257.175,454.455,3,441.99,264.30475,21.6758745049,137.25,265.7475,296.28,3,159.03
1,2016/01/05 11:23:48,2016/01/05 11:24:42,224.55875,106.341307666,50.355,271.4175,333.63,3,283.275,236.069,109.979663736,12.465,257.175,454.455,3,441.99
1,2016/01/05 11:24:43,2016/01/05 11:25:37,76.75025,39.9778726726,41.445,62.0775,189.09,3,147.645,224.55875,106.341307666,50.355,271.4175,333.63,3,283.275
1,2016/01/05 11:25:37,2016/01/05 11:26:31,153.56375,25.0860529307,117.855,147.0375,199.125,3,81.27,76.75025,39.9778726726,41.445,62.0775,189.09,3,147.645
1,2016/01/05 11:26:31,2016/01/05 11:27:26,329.26925,63.5209689336,125.685,351.2925,370.305,3,244.62,153.56375,25.0860529307,117.855,147.0375,199.125,3,81.27
1,2016/01/05 11:27:26,2016/01/05 11:28:20,331.06875,5.26120700287,320.76,331.515,350.91,3,30.15,329.26925,63.5209689336,125.685,351.2925,370.305,3,244.62
1,2016/01/05 11:28:20,2016/01/05 11:29:15,316.4135,4.54846419227,298.935,315.54,333.63,3,34.695,331.06875,5.26120700287,320.76,331.515,350.91,3,30.15
1,2016/01/05 11:29:15,2016/01/05 11:30:10,310.0485,1.48482782139,306.99,310.0275,314.235,3,7.245,316.4135,4.54846419227,298.935,315.54,333.63,3,34.695
1,2016/01/05 11:30:10,2016/01/05 11:31:04,311.54725,8.98193011065,304.425,307.44,341.19,3,36.765,310.0485,1.48482782139,306.99,310.0275,314.235,3,7.245
1,2016/01/05 11:31:05,2016/01/05 11:31:59,307.979,5.2858385539,303.21,305.595,332.865,3,29.655,311.54725,8.98193011065,304.425,307.44,341.19,3,36.765
1,2016/01/05 11:31:59,2016/01/05 11:32:53,305.211,2.44345159525,302.175,304.515,314.055,3,11.88,307.979,5.2858385539,303.21,305.595,332.865,3,29.655
1,2016/01/05 11:32:53,2016/01/05 11:33:48,303.818,1.27295652873,301.41,303.75,307.125,3,5.715,305.211,2.44345159525,302.175,304.515,314.055,3,11.88
1,2016/01/05 11:33:48,2016/01/05 11:34:42,302.23925,1.44273942902,299.34,302.085,305.82,3,6.48,303.818,1.27295652873,301.41,303.75,307.125,3,5.715
1,2016/01/05 11:34:42,2016/01/05 11:35:36,251.16075,50.440197888,54.225,268.47,315.27,3,261.045,302.23925,1.44273942902,299.34,302.085,305.82,3,6.48
1,2016/01/05 11:35:37,2016/01/05 11:36:31,237.52075,30.1644943595,162.9,232.6275,278.19,3,115.29,251.16075,50.440197888,54.225,268.47,315.27,3,261.045
1,2016/01/05 11:36:31,2016/01/05 11:37:26,260.495,12.9063743508,200.475,261.81,302.175,3,101.7,237.52075,30.1644943595,162.9,232.6275,278.19,3,115.29
1,2016/01/05 11:37:26,2016/01/05 11:38:20,251.38425,38.5207117382,0.81,244.665,307.125,3,306.315,260.495,12.9063743508,200.475,261.81,302.175,3,101.7
1,2016/01/05 11:38:20,2016/01/05 11:39:15,235.23025,5.84261426226,224.37,236.025,262.485,3,38.115,251.38425,38.5207117382,0.81,244.665,307.125,3,306.315
1,2016/01/05 11:39:15,2016/01/05 11:40:09,253.123,26.3272733536,193.545,250.6275,376.83,3,183.285,235.23025,5.84261426226,224.37,236.025,262.485,3,38.115
1,2016/01/05 11:40:10,2016/01/05 11:41:04,270.80525,30.9624994312,156.33,268.2225,328.86,3,172.53,253.123,26.3272733536,193.545,250.6275,376.83,3,183.285
1,2016/01/05 11:41:04,2016/01/05 11:41:59,212.9075,57.6175850754,48.87,206.73,294.975,3,246.105,270.80525,30.9624994312,156.33,268.2225,328.86,3,172.53
1,2016/01/05 11:41:59,2016/01/05 11:42:53,178.58925,34.2513074516,103.995,189.8325,276.975,3,172.98,212.9075,57.6175850754,48.87,206.73,294.975,3,246.105
1,2016/01/05 11:42:54,2016/01/05 11:43:48,209.606,102.195620994,121.185,152.9325,437.58,3,316.395,178.58925,34.2513074516,103.995,189.8325,276.975,3,172.98
1,2016/01/05 11:43:49,2016/01/05 11:44:44,140.3915,10.8951438865,123.39,144.3825,153.945,3,30.555,209.606,102.195620994,121.185,152.9325,437.58,3,316.395
2,2016/01/05 12:30:18,2016/01/05 12:30:36,612.93375,26.510138568,544.005,618.0525,664.785,3,120.78,535.85425,82.6452532923,369.45,536.9625,694.305,3,324.855
2,2016/01/05 12:30:36,2016/01/05 12:30:54,555.0565,10.0967138841,487.35,554.265,588.96,3,101.61,612.93375,26.510138568,544.005,618.0525,664.785,3,120.78
2,2016/01/05 12:30:54,2016/01/05 12:31:12,564.35475,7.15093819831,552.375,561.3075,583.605,3,31.23,555.0565,10.0967138841,487.35,554.265,588.96,3,101.61
2,2016/01/05 12:31:12,2016/01/05 12:31:30,520.49225,57.2276552312,329.49,521.7075,612.0,3,282.51,564.35475,7.15093819831,552.375,561.3075,583.605,3,31.23
2,2016/01/05 12:31:31,2016/01/05 12:31:49,480.89175,44.7266056308,442.17,449.3475,553.635,3,111.465,520.49225,57.2276552312,329.49,521.7075,612.0,3,282.51
2,2016/01/05 12:31:49,2016/01/05 12:32:08,449.06125,5.5794115465,440.46,448.9875,462.555,3,22.095,480.89175,44.7266056308,442.17,449.3475,553.635,3,111.465
2,2016/01/05 12:32:08,2016/01/05 12:32:26,397.5845,64.9542674853,204.66,439.965,508.635,3,303.975,449.06125,5.5794115465,440.46,448.9875,462.555,3,22.095
2,2016/01/05 12:32:26,2016/01/05 12:32:44,390.25475,6.46116997108,375.84,389.1825,404.82,3,28.98,397.5845,64.9542674853,204.66,439.965,508.635,3,303.975
2,2016/01/05 12:32:44,2016/01/05 12:33:02,391.24775,6.06275487916,380.16,390.51,420.84,3,40.68,390.25475,6.46116997108,375.84,389.1825,404.82,3,28.98
2,2016/01/05 12:33:02,2016/01/05 12:33:21,389.3935,11.2079954489,377.415,384.0075,420.255,3,42.84,391.24775,6.06275487916,380.16,390.51,420.84,3,40.68
2,2016/01/05 12:33:21,2016/01/05 12:33:39,509.65575,44.6800107702,383.175,521.3925,573.48,3,190.305,389.3935,11.2079954489,377.415,384.0075,420.255,3,42.84
2,2016/01/05 12:33:39,2016/01/05 12:33:58,530.29975,39.2045209358,327.51,534.3075,597.105,3,269.595,509.65575,44.6800107702,383.175,521.3925,573.48,3,190.305
2,2016/01/05 12:33:58,2016/01/05 12:34:16,530.20825,104.021705664,419.805,511.0425,714.825,3,295.02,530.29975,39.2045209358,327.51,534.3075,597.105,3,269.595
2,2016/01/05 12:34:16,2016/01/05 12:34:34,510.51625,47.5191372677,461.97,496.3275,665.415,3,203.445,530.20825,104.021705664,419.805,511.0425,714.825,3,295.02
2,2016/01/05 12:34:34,2016/01/05 12:34:52,486.764,8.02438724231,472.545,485.0775,509.67,3,37.125,510.51625,47.5191372677,461.97,496.3275,665.415,3,203.445
2,2016/01/05 12:34:52,2016/01/05 12:35:11,498.9495,29.7537202458,474.795,489.735,634.32,3,159.525,486.764,8.02438724231,472.545,485.0775,509.67,3,37.125
2,2016/01/05 12:35:11,2016/01/05 12:35:29,534.94675,16.1815968775,497.295,532.4625,578.205,3,80.91,498.9495,29.7537202458,474.795,489.735,634.32,3,159.525
2,2016/01/05 12:35:29,2016/01/05 12:35:47,534.7705,25.4868082654,422.685,527.445,613.62,3,190.935,534.94675,16.1815968775,497.295,532.4625,578.205,3,80.91
2,2016/01/05 12:35:47,2016/01/05 12:36:05,601.21775,5.98087982998,588.15,600.0975,614.79,3,26.64,534.7705,25.4868082654,422.685,527.445,613.62,3,190.935
2,2016/01/05 12:36:05,2016/01/05 12:36:23,590.40775,6.85567420404,577.845,590.49,608.085,3,30.24,601.21775,5.98087982998,588.15,600.0975,614.79,3,26.64
2,2016/01/05 12:36:23,2016/01/05 12:36:42,588.465,4.28408957232,579.87,587.6325,600.165,3,20.295,590.40775,6.85567420404,577.845,590.49,608.085,3,30.24
2,2016/01/05 12:36:42,2016/01/05 12:37:00,580.35025,4.22534347138,563.49,579.24,596.88,3,33.39,588.465,4.28408957232,579.87,587.6325,600.165,3,20.295
2,2016/01/05 12:37:00,2016/01/05 12:37:18,578.90825,4.3324315645,569.43,578.025,597.51,3,28.08,580.35025,4.22534347138,563.49,579.24,596.88,3,33.39
2,2016/01/05 12:37:18,2016/01/05 12:37:36,575.16575,5.8842778038,563.85,574.3575,601.605,3,37.755,578.90825,4.3324315645,569.43,578.025,597.51,3,28.08
2,2016/01/05 12:37:36,2016/01/05 12:37:54,579.46375,6.84059940681,563.58,581.04,594.675,3,31.095,575.16575,5.8842778038,563.85,574.3575,601.605,3,37.755
2,2016/01/05 12:37:55,2016/01/05 12:38:13,583.514,4.98658688034,563.58,582.525,598.68,3,35.1,579.46375,6.84059940681,563.58,581.04,594.675,3,31.095
2,2016/01/05 12:38:13,2016/01/05 12:38:31,587.75225,4.65043802451,577.845,587.025,598.95,3,21.105,583.514,4.98658688034,563.58,582.525,598.68,3,35.1
2,2016/01/05 12:38:31,2016/01/05 12:38:50,584.8255,4.57354754855,562.68,583.425,596.385,3,33.705,587.75225,4.65043802451,577.845,587.025,598.95,3,21.105
2,2016/01/05 12:38:50,2016/01/05 12:39:08,585.60325,3.71385066002,579.555,584.595,594.405,3,14.85,584.8255,4.57354754855,562.68,583.425,596.385,3,33.705
2,2016/01/05 12:39:08,2016/01/05 12:39:26,587.67075,22.6426735316,484.695,585.6975,640.125,3,155.43,585.60325,3.71385066002,579.555,584.595,594.405,3,14.85
2,2016/01/05 12:39:26,2016/01/05 12:39:44,552.06325,24.8823806685,528.21,546.1425,662.985,3,134.775,587.67075,22.6426735316,484.695,585.6975,640.125,3,155.43
2,2016/01/05 12:39:44,2016/01/05 12:40:03,550.75,7.26086650492,541.62,548.415,574.02,3,32.4,552.06325,24.8823806685,528.21,546.1425,662.985,3,134.775
2,2016/01/05 12:40:03,2016/01/05 12:40:21,543.36475,5.6519181565,534.33,542.655,564.525,3,30.195,550.75,7.26086650492,541.62,548.415,574.02,3,32.4
2,2016/01/05 12:40:21,2016/01/05 12:40:39,538.88525,6.23889590745,527.67,536.715,560.61,3,32.94,543.36475,5.6519181565,534.33,542.655,564.525,3,30.195
2,2016/01/05 12:40:39,2016/01/05 12:40:57,557.3565,22.5464157051,530.55,550.98,616.77,3,86.22,538.88525,6.23889590745,527.67,536.715,560.61,3,32.94
2,2016/01/05 12:40:57,2016/01/05 12:41:15,568.9955,12.1938494788,513.315,568.26,604.17,3,90.855,557.3565,22.5464157051,530.55,550.98,616.77,3,86.22
2,2016/01/05 12:41:15,2016/01/05 12:41:33,563.069,5.38952046457,544.95,562.2525,584.325,3,39.375,568.9955,12.1938494788,513.315,568.26,604.17,3,90.855
2,2016/01/05 12:41:34,2016/01/05 12:41:52,564.249,31.3971193676,485.01,562.2975,674.19,3,189.18,563.069,5.38952046457,544.95,562.2525,584.325,3,39.375
2,2016/01/05 12:41:52,2016/01/05 12:42:10,559.37625,13.1597119952,501.795,559.125,586.305,3,84.51,564.249,31.3971193676,485.01,562.2975,674.19,3,189.18
2,2016/01/05 12:42:10,2016/01/05 12:42:28,555.71275,19.8470408998,532.395,544.185,607.05,3,74.655,559.37625,13.1597119952,501.795,559.125,586.305,3,84.51
2,2016/01/05 12:42:28,2016/01/05 12:42:46,573.7395,22.755823026,541.35,567.045,634.635,3,93.285,555.71275,19.8470408998,532.395,544.185,607.05,3,74.655
2,2016/01/05 12:42:46,2016/01/05 12:43:04,605.537,12.5931153777,585.0,602.3925,634.905,3,49.905,573.7395,22.755823026,541.35,567.045,634.635,3,93.285
2,2016/01/05 12:43:04,2016/01/05 12:43:23,537.775,90.2229004966,216.63,583.1325,608.355,3,391.725,605.537,12.5931153777,585.0,602.3925,634.905,3,49.905
2,2016/01/05 12:43:23,2016/01/05 12:43:41,517.3415,14.5646353365,472.815,522.135,550.305,3,77.49,537.775,90.2229004966,216.63,583.1325,608.355,3,391.725
2,2016/01/05 12:43:41,2016/01/05 12:43:59,502.25925,24.0734478576,464.85,505.26,547.56,3,82.71,517.3415,14.5646353365,472.815,522.135,550.305,3,77.49
2,2016/01/05 12:43:59,2016/01/05 12:44:17,486.45475,30.5358104466,451.395,472.7025,582.75,3,131.355,502.25925,24.0734478576,464.85,505.26,547.56,3,82.71
2,2016/01/05 12:44:18,2016/01/05 12:44:36,521.59325,18.9516616544,426.105,525.9825,551.835,3,125.73,486.45475,30.5358104466,451.395,472.7025,582.75,3,131.355
2,2016/01/05 12:44:36,2016/01/05 12:44:54,430.3115,57.836766505,311.985,413.1,547.695,3,235.71,521.59325,18.9516616544,426.105,525.9825,551.835,3,125.73
2,2016/01/05 12:44:54,2016/01/05 12:45:12,368.34375,7.92854840771,355.32,367.155,389.97,3,34.65,430.3115,57.836766505,311.985,413.1,547.695,3,235.71
2,2016/01/05 12:45:12,2016/01/05 12:45:30,341.006,8.25245122549,317.205,340.065,359.01,3,41.805,368.34375,7.92854840771,355.32,367.155,389.97,3,34.65
2,2016/01/05 12:45:30,2016/01/05 12:45:49,346.03525,5.27783208612,334.845,344.295,357.795,3,22.95,341.006,8.25245122549,317.205,340.065,359.01,3,41.805
2,2016/01/05 12:45:49,2016/01/05 12:46:07,424.46975,169.816411658,334.98,346.7025,884.79,3,549.81,346.03525,5.27783208612,334.845,344.295,357.795,3,22.95
2,2016/01/05 12:46:07,2016/01/05 12:46:25,454.8315,167.61645293,348.165,377.8875,883.395,3,535.23,424.46975,169.816411658,334.98,346.7025,884.79,3,549.81
2,2016/01/05 12:46:25,2016/01/05 12:46:43,381.9175,59.0130322637,333.9,346.7025,491.085,3,157.185,454.8315,167.61645293,348.165,377.8875,883.395,3,535.23
2,2016/01/05 12:46:43,2016/01/05 12:47:02,380.929,70.544078012,299.34,346.005,490.725,3,191.385,381.9175,59.0130322637,333.9,346.7025,491.085,3,157.185
2,2016/01/05 12:47:02,2016/01/05 12:47:20,273.1815,17.2347501769,230.085,273.6225,306.36,3,76.275,380.929,70.544078012,299.34,346.005,490.725,3,191.385
2,2016/01/05 12:47:20,2016/01/05 12:47:39,318.63725,129.4826291,220.275,243.2925,554.67,3,334.395,273.1815,17.2347501769,230.085,273.6225,306.36,3,76.275
2,2016/01/05 12:47:39,2016/01/05 12:47:57,513.4155,20.4735775428,471.375,507.555,608.49,3,137.115,318.63725,129.4826291,220.275,243.2925,554.67,3,334.395
2,2016/01/05 12:47:57,2016/01/05 12:48:15,499.90475,5.0600616971,475.875,498.87,511.65,3,35.775,513.4155,20.4735775428,471.375,507.555,608.49,3,137.115
2,2016/01/05 12:48:15,2016/01/05 12:48:34,521.061,9.41120456375,483.84,520.47,549.63,3,65.79,499.90475,5.0600616971,475.875,498.87,511.65,3,35.775
2,2016/01/05 12:48:34,2016/01/05 12:48:52,511.54475,3.60577172623,505.71,510.975,526.86,3,21.15,521.061,9.41120456375,483.84,520.47,549.63,3,65.79
2,2016/01/05 12:48:52,2016/01/05 12:49:10,503.30975,6.45672524697,486.81,503.64,519.84,3,33.03,511.54475,3.60577172623,505.71,510.975,526.86,3,21.15
2,2016/01/05 12:49:10,2016/01/05 12:49:29,504.3315,5.44875594175,492.3,503.2125,518.535,3,26.235,503.30975,6.45672524697,486.81,503.64,519.84,3,33.03
2,2016/01/05 12:49:29,2016/01/05 12:49:47,502.165,7.26890267437,475.425,501.6375,523.62,3,48.195,504.3315,5.44875594175,492.3,503.2125,518.535,3,26.235
2,2016/01/05 12:49:47,2016/01/05 12:50:05,534.40125,45.216997468,489.96,513.1575,667.62,3,177.66,502.165,7.26890267437,475.425,501.6375,523.62,3,48.195
2,2016/01/05 12:50:06,2016/01/05 12:50:24,507.435,75.9328796174,221.715,527.265,572.085,3,350.37,534.40125,45.216997468,489.96,513.1575,667.62,3,177.66
2,2016/01/05 12:50:24,2016/01/05 12:50:42,336.349,39.3421764578,234.315,350.505,477.45,3,243.135,507.435,75.9328796174,221.715,527.265,572.085,3,350.37
2,2016/01/05 12:50:42,2016/01/05 12:51:00,301.73825,45.3645926688,258.795,270.9,370.845,3,112.05,336.349,39.3421764578,234.315,350.505,477.45,3,243.135
2,2016/01/05 12:51:00,2016/01/05 12:51:18,365.24075,3.52289219342,351.63,364.095,385.92,3,34.29,301.73825,45.3645926688,258.795,270.9,370.845,3,112.05
2,2016/01/05 12:51:18,2016/01/05 12:51:36,540.30975,165.889606775,361.08,551.88,876.33,3,515.25,365.24075,3.52289219342,351.63,364.095,385.92,3,34.29
2,2016/01/05 12:51:36,2016/01/05 12:51:54,734.66925,115.193359547,566.685,749.385,913.77,3,347.085,540.30975,165.889606775,361.08,551.88,876.33,3,515.25
2,2016/01/05 12:51:54,2016/01/05 12:52:12,861.805,37.6612381901,724.545,857.4975,929.835,3,205.29,734.66925,115.193359547,566.685,749.385,913.77,3,347.085
2,2016/01/05 12:52:13,2016/01/05 12:52:31,836.4145,47.4928890387,781.29,805.86,917.955,3,136.665,861.805,37.6612381901,724.545,857.4975,929.835,3,205.29
2,2016/01/05 12:52:31,2016/01/05 12:52:49,805.84625,96.9494439537,600.39,838.665,934.29,3,333.9,836.4145,47.4928890387,781.29,805.86,917.955,3,136.665
2,2016/01/05 12:52:49,2016/01/05 12:53:07,581.05525,60.3816833244,328.68,595.62,683.1,3,354.42,805.84625,96.9494439537,600.39,838.665,934.29,3,333.9
2,2016/01/05 12:53:08,2016/01/05 12:53:26,674.89225,121.484296518,530.82,672.525,976.095,3,445.275,581.05525,60.3816833244,328.68,595.62,683.1,3,354.42
2,2016/01/05 12:53:26,2016/01/05 12:53:44,656.43625,39.7719591672,499.05,666.99,738.18,3,239.13,674.89225,121.484296518,530.82,672.525,976.095,3,445.275
2,2016/01/05 12:53:44,2016/01/05 12:54:02,657.1125,62.6645086361,567.36,663.525,816.39,3,249.03,656.43625,39.7719591672,499.05,666.99,738.18,3,239.13
2,2016/01/05 12:54:02,2016/01/05 12:54:20,646.628,44.0028285677,579.51,632.6325,752.04,3,172.53,657.1125,62.6645086361,567.36,663.525,816.39,3,249.03
2,2016/01/05 12:54:20,2016/01/05 12:54:38,667.56,30.0625755763,618.84,663.7275,737.865,3,119.025,646.628,44.0028285677,579.51,632.6325,752.04,3,172.53
2,2016/01/05 12:54:38,2016/01/05 12:54:57,663.79,73.2770244141,480.015,664.9875,815.445,3,335.43,667.56,30.0625755763,618.84,663.7275,737.865,3,119.025
2,2016/01/05 12:54:57,2016/01/05 12:55:16,718.011,42.8310249389,640.395,725.4,829.98,3,189.585,663.79,73.2770244141,480.015,664.9875,815.445,3,335.43
2,2016/01/05 12:55:16,2016/01/05 12:55:34,756.58925,50.6701309889,667.935,745.7175,922.95,3,255.015,718.011,42.8310249389,640.395,725.4,829.98,3,189.585
2,2016/01/05 12:55:34,2016/01/05 12:55:53,749.68375,13.2580503833,721.8,749.5425,788.04,3,66.24,756.58925,50.6701309889,667.935,745.7175,922.95,3,255.015
2,2016/01/05 12:55:53,2016/01/05 12:56:11,668.952,86.6011963363,563.22,650.3625,818.73,3,255.51,749.68375,13.2580503833,721.8,749.5425,788.04,3,66.24
2,2016/01/05 12:56:11,2016/01/05 12:56:29,822.11175,44.6548080187,683.325,826.695,884.52,3,201.195,668.952,86.6011963363,563.22,650.3625,818.73,3,255.51
2,2016/01/05 12:56:30,2016/01/05 12:56:48,763.7675,103.353134633,569.61,811.17,877.05,3,307.44,822.11175,44.6548080187,683.325,826.695,884.52,3,201.195
2,2016/01/05 12:56:48,2016/01/05 12:57:06,667.67425,60.9241865367,533.835,676.0575,768.735,3,234.9,763.7675,103.353134633,569.61,811.17,877.05,3,307.44
2,2016/01/05 12:57:06,2016/01/05 12:57:24,560.677,93.8844629292,358.83,523.5525,747.54,3,388.71,667.67425,60.9241865367,533.835,676.0575,768.735,3,234.9
2,2016/01/05 12:57:24,2016/01/05 12:57:42,472.6925,13.0473531799,439.515,471.825,524.655,3,85.14,560.677,93.8844629292,358.83,523.5525,747.54,3,388.71
2,2016/01/05 12:57:42,2016/01/05 12:58:01,501.69725,8.05130872243,488.52,501.1875,517.5,3,28.98,472.6925,13.0473531799,439.515,471.825,524.655,3,85.14
2,2016/01/05 12:58:01,2016/01/05 12:58:19,466.17875,45.9460173771,402.75,497.0025,526.275,3,123.525,501.69725,8.05130872243,488.52,501.1875,517.5,3,28.98
2,2016/01/05 12:58:19,2016/01/05 12:58:37,490.43175,78.4309361501,402.21,481.005,697.95,3,295.74,466.17875,45.9460173771,402.75,497.0025,526.275,3,123.525
2,2016/01/05 12:58:37,2016/01/05 12:58:55,491.8435,51.961848359,408.06,504.6525,585.81,3,177.75,490.43175,78.4309361501,402.21,481.005,697.95,3,295.74
2,2016/01/05 12:58:55,2016/01/05 12:59:13,539.776,55.375178894,480.285,517.725,683.325,3,203.04,491.8435,51.961848359,408.06,504.6525,585.81,3,177.75
2,2016/01/05 12:59:13,2016/01/05 12:59:31,625.371,95.6632339745,439.965,658.8225,755.01,3,315.045,539.776,55.375178894,480.285,517.725,683.325,3,203.04
2,2016/01/05 12:59:32,2016/01/05 12:59:50,571.97375,88.1294342882,380.565,539.775,830.7,3,450.135,625.371,95.6632339745,439.965,658.8225,755.01,3,315.045
2,2016/01/05 12:59:50,2016/01/05 13:00:08,781.93125,81.1041218873,643.095,839.2275,856.89,3,213.795,571.97375,88.1294342882,380.565,539.775,830.7,3,450.135
2,2016/01/05 13:00:08,2016/01/05 13:00:26,656.32875,67.9841455492,542.43,669.3525,763.47,3,221.04,781.93125,81.1041218873,643.095,839.2275,856.89,3,213.795
2,2016/01/05 13:00:26,2016/01/05 13:00:45,651.4865,96.650468865,386.145,658.4625,821.43,3,435.285,656.32875,67.9841455492,542.43,669.3525,763.47,3,221.04
2,2016/01/05 13:00:45,2016/01/05 13:01:03,667.56275,147.808922775,351.63,709.1775,839.07,3,487.44,651.4865,96.650468865,386.145,658.4625,821.43,3,435.285
2,2016/01/05 13:01:03,2016/01/05 13:01:21,704.09175,31.5193187478,603.135,689.9625,773.955,3,170.82,667.56275,147.808922775,351.63,709.1775,839.07,3,487.44
2,2016/01/05 13:01:21,2016/01/05 13:01:40,692.061,60.434077313,547.11,721.53,758.925,3,211.815,704.09175,31.5193187478,603.135,689.9625,773.955,3,170.82
2,2016/01/05 13:01:40,2016/01/05 13:01:58,838.91325,110.570159903,560.97,888.615,913.545,3,352.575,692.061,60.434077313,547.11,721.53,758.925,3,211.815
2,2016/01/05 13:01:58,2016/01/05 13:02:16,820.82025,89.5128446188,584.64,867.69,897.75,3,313.11,838.91325,110.570159903,560.97,888.615,913.545,3,352.575
2,2016/01/05 13:02:16,2016/01/05 13:02:35,532.95125,12.5056637993,510.3,529.11,593.325,3,83.025,820.82025,89.5128446188,584.64,867.69,897.75,3,313.11
2,2016/01/05 13:02:35,2016/01/05 13:02:53,548.29125,7.04425795076,527.31,546.795,578.88,3,51.57,532.95125,12.5056637993,510.3,529.11,593.325,3,83.025
2,2016/01/05 13:02:53,2016/01/05 13:03:11,578.72725,39.8083699765,545.535,563.04,692.955,3,147.42,548.29125,7.04425795076,527.31,546.795,578.88,3,51.57
2,2016/01/05 13:03:11,2016/01/05 13:03:29,561.37275,5.89818434507,543.105,561.555,579.78,3,36.675,578.72725,39.8083699765,545.535,563.04,692.955,3,147.42
2,2016/01/05 13:03:29,2016/01/05 13:03:47,652.71675,84.0257467516,530.28,635.985,757.89,3,227.61,561.37275,5.89818434507,543.105,561.555,579.78,3,36.675
2,2016/01/05 13:03:47,2016/01/05 13:04:06,719.18725,61.1502892603,573.66,747.4725,772.92,3,199.26,652.71675,84.0257467516,530.28,635.985,757.89,3,227.61
2,2016/01/05 13:04:06,2016/01/05 13:04:24,627.229,7.2814785011,614.115,627.6825,641.97,3,27.855,719.18725,61.1502892603,573.66,747.4725,772.92,3,199.26
2,2016/01/05 13:04:24,2016/01/05 13:04:42,621.29,19.8338149543,596.88,622.35,741.105,3,144.225,627.229,7.2814785011,614.115,627.6825,641.97,3,27.855
2,2016/01/05 13:04:42,2016/01/05 13:05:00,594.13775,13.6917635833,580.86,592.74,738.405,3,157.545,621.29,19.8338149543,596.88,622.35,741.105,3,144.225
2,2016/01/05 13:05:01,2016/01/05 13:05:19,575.245,4.80928039658,562.635,575.19,590.76,3,28.125,594.13775,13.6917635833,580.86,592.74,738.405,3,157.545
2,2016/01/05 13:05:19,2016/01/05 13:05:37,562.30325,4.70746434122,546.525,562.1175,575.235,3,28.71,575.245,4.80928039658,562.635,575.19,590.76,3,28.125
2,2016/01/05 13:05:37,2016/01/05 13:05:55,571.4405,5.67838497231,561.195,570.6225,585.765,3,24.57,562.30325,4.70746434122,546.525,562.1175,575.235,3,28.71
2,2016/01/05 13:05:55,2016/01/05 13:06:13,570.04675,7.02735062712,558.135,570.96,586.53,3,28.395,571.4405,5.67838497231,561.195,570.6225,585.765,3,24.57
2,2016/01/05 13:06:13,2016/01/05 13:06:32,565.868,49.5216329418,457.56,573.0525,739.62,3,282.06,570.04675,7.02735062712,558.135,570.96,586.53,3,28.395
2,2016/01/05 13:06:32,2016/01/05 13:06:50,472.5725,24.4250920785,449.46,464.58,558.09,3,108.63,565.868,49.5216329418,457.56,573.0525,739.62,3,282.06
2,2016/01/05 13:06:51,2016/01/05 13:07:09,455.5035,5.45944217943,440.955,453.78,469.305,3,28.35,472.5725,24.4250920785,449.46,464.58,558.09,3,108.63
2,2016/01/05 13:07:09,2016/01/05 13:07:27,447.65875,8.5050743952,421.92,447.0975,466.155,3,44.235,455.5035,5.45944217943,440.955,453.78,469.305,3,28.35
2,2016/01/05 13:07:27,2016/01/05 13:07:45,413.2455,30.4832460812,382.995,394.5825,501.57,3,118.575,447.65875,8.5050743952,421.92,447.0975,466.155,3,44.235
2,2016/01/05 13:07:45,2016/01/05 13:08:03,407.32025,24.9742827908,369.54,400.4325,484.2,3,114.66,413.2455,30.4832460812,382.995,394.5825,501.57,3,118.575
2,2016/01/05 13:08:03,2016/01/05 13:08:21,388.88475,25.6838721991,298.125,395.1,412.02,3,113.895,407.32025,24.9742827908,369.54,400.4325,484.2,3,114.66
2,2016/01/05 13:08:21,2016/01/05 13:08:39,304.54825,3.04615429659,296.865,304.11,310.32,3,13.455,388.88475,25.6838721991,298.125,395.1,412.02,3,113.895
2,2016/01/05 13:08:40,2016/01/05 13:08:58,300.91975,3.01769660739,281.835,300.195,314.955,3,33.12,304.54825,3.04615429659,296.865,304.11,310.32,3,13.455
2,2016/01/05 13:08:58,2016/01/05 13:09:16,298.55575,3.93262320498,292.365,297.765,315.855,3,23.49,300.91975,3.01769660739,281.835,300.195,314.955,3,33.12
2,2016/01/05 13:09:16,2016/01/05 13:09:34,368.7955,87.359901437,291.87,383.3775,614.475,3,322.605,298.55575,3.93262320498,292.365,297.765,315.855,3,23.49
2,2016/01/05 13:09:35,2016/01/05 13:09:53,570.06225,17.4861640538,545.445,564.705,635.805,3,90.36,368.7955,87.359901437,291.87,383.3775,614.475,3,322.605
2,2016/01/05 13:09:53,2016/01/05 13:10:11,542.27425,35.006842653,455.625,557.7075,588.24,3,132.615,570.06225,17.4861640538,545.445,564.705,635.805,3,90.36
2,2016/01/05 13:10:11,2016/01/05 13:10:30,504.3335,64.4228321303,405.9,518.58,615.285,3,209.385,542.27425,35.006842653,455.625,557.7075,588.24,3,132.615
2,2016/01/05 13:10:30,2016/01/05 13:10:48,405.02675,20.0089630578,362.52,414.2925,440.325,3,77.805,504.3335,64.4228321303,405.9,518.58,615.285,3,209.385
2,2016/01/05 13:10:48,2016/01/05 13:11:06,427.26275,21.9476589484,407.79,416.5425,479.385,3,71.595,405.02675,20.0089630578,362.52,414.2925,440.325,3,77.805
2,2016/01/05 13:11:06,2016/01/05 13:11:24,372.57325,56.6563498576,327.51,335.1375,494.28,3,166.77,427.26275,21.9476589484,407.79,416.5425,479.385,3,71.595
2,2016/01/05 13:11:24,2016/01/05 13:11:42,330.314,3.88871969854,325.71,328.86,351.45,3,25.74,372.57325,56.6563498576,327.51,335.1375,494.28,3,166.77
2,2016/01/05 13:11:42,2016/01/05 13:12:01,329.6,3.30945876518,324.135,328.0275,337.68,3,13.545,330.314,3.88871969854,325.71,328.86,351.45,3,25.74
2,2016/01/05 13:12:01,2016/01/05 13:12:19,330.43175,3.1353852006,317.16,329.535,337.41,3,20.25,329.6,3.30945876518,324.135,328.0275,337.68,3,13.545
2,2016/01/05 13:12:19,2016/01/05 13:12:37,365.3355,42.5439015189,327.105,355.635,463.32,3,136.215,330.43175,3.1353852006,317.16,329.535,337.41,3,20.25
2,2016/01/05 13:12:37,2016/01/05 13:12:55,435.9495,8.39885560341,427.95,433.4175,473.715,3,45.765,365.3355,42.5439015189,327.105,355.635,463.32,3,136.215
2,2016/01/05 13:12:56,2016/01/05 13:13:14,455.885,19.0900778434,368.37,454.5675,507.69,3,139.32,435.9495,8.39885560341,427.95,433.4175,473.715,3,45.765
2,2016/01/05 13:13:14,2016/01/05 13:13:32,451.00075,4.01031496398,444.6,449.4825,460.845,3,16.245,455.885,19.0900778434,368.37,454.5675,507.69,3,139.32
2,2016/01/05 13:13:32,2016/01/05 13:13:50,452.5765,5.63679647966,440.325,451.62,479.475,3,39.15,451.00075,4.01031496398,444.6,449.4825,460.845,3,16.245
2,2016/01/05 13:13:50,2016/01/05 13:14:08,473.59025,8.25531517075,457.965,474.1875,505.98,3,48.015,452.5765,5.63679647966,440.325,451.62,479.475,3,39.15
2,2016/01/05 13:14:08,2016/01/05 13:14:26,502.64775,34.3399233887,419.31,494.01,633.6,3,214.29,473.59025,8.25531517075,457.965,474.1875,505.98,3,48.015
2,2016/01/05 13:14:26,2016/01/05 13:14:44,489.132,8.20665342894,469.845,488.97,513.36,3,43.515,502.64775,34.3399233887,419.31,494.01,633.6,3,214.29
2,2016/01/05 13:14:45,2016/01/05 13:15:03,494.3295,17.8993618149,457.695,489.1725,530.19,3,72.495,489.132,8.20665342894,469.845,488.97,513.36,3,43.515
2,2016/01/05 13:15:03,2016/01/05 13:15:21,518.94725,40.0564847074,470.205,505.8225,636.03,3,165.825,494.3295,17.8993618149,457.695,489.1725,530.19,3,72.495
2,2016/01/05 13:15:21,2016/01/05 13:15:39,575.84625,68.6223160822,484.425,566.9775,720.27,3,235.845,518.94725,40.0564847074,470.205,505.8225,636.03,3,165.825
2,2016/01/05 13:15:39,2016/01/05 13:15:57,646.84675,130.609108388,343.8,621.4725,912.96,3,569.16,575.84625,68.6223160822,484.425,566.9775,720.27,3,235.845
2,2016/01/05 13:15:57,2016/01/05 13:16:15,866.71825,36.2728749458,785.97,875.5425,940.32,3,154.35,646.84675,130.609108388,343.8,621.4725,912.96,3,569.16
2,2016/01/05 13:16:16,2016/01/05 13:16:34,825.57475,48.6775820469,724.86,829.44,898.74,3,173.88,866.71825,36.2728749458,785.97,875.5425,940.32,3,154.35
2,2016/01/05 13:16:34,2016/01/05 13:16:52,791.2175,67.4632997529,716.445,752.085,922.365,3,205.92,825.57475,48.6775820469,724.86,829.44,898.74,3,173.88
2,2016/01/05 13:16:52,2016/01/05 13:17:10,660.0385,83.8764340375,549.45,599.2875,767.52,3,218.07,791.2175,67.4632997529,716.445,752.085,922.365,3,205.92
2,2016/01/05 13:17:10,2016/01/05 13:17:28,611.60925,65.7372755907,551.43,588.195,822.24,3,270.81,660.0385,83.8764340375,549.45,599.2875,767.52,3,218.07
2,2016/01/05 13:17:28,2016/01/05 13:17:47,629.01375,39.3005853364,598.995,617.0625,817.83,3,218.835,611.60925,65.7372755907,551.43,588.195,822.24,3,270.81
2,2016/01/05 13:17:47,2016/01/05 13:18:05,707.29,48.9016329199,614.475,710.235,787.41,3,172.935,629.01375,39.3005853364,598.995,617.0625,817.83,3,218.835
2,2016/01/05 13:18:05,2016/01/05 13:18:23,767.13025,15.1789872149,724.23,768.3975,803.475,3,79.245,707.29,48.9016329199,614.475,710.235,787.41,3,172.935
2,2016/01/05 13:18:23,2016/01/05 13:18:42,750.3895,37.9144497377,646.92,749.925,815.58,3,168.66,767.13025,15.1789872149,724.23,768.3975,803.475,3,79.245
2,2016/01/05 13:18:42,2016/01/05 13:19:00,746.47775,85.3871265307,543.33,770.85,908.685,3,365.355,750.3895,37.9144497377,646.92,749.925,815.58,3,168.66
2,2016/01/05 13:19:00,2016/01/05 13:19:18,730.29675,96.816033452,604.71,689.4225,894.6,3,289.89,746.47775,85.3871265307,543.33,770.85,908.685,3,365.355
2,2016/01/05 13:19:18,2016/01/05 13:19:37,781.13375,56.9387921414,666.9,789.48,868.905,3,202.005,730.29675,96.816033452,604.71,689.4225,894.6,3,289.89
2,2016/01/05 13:19:37,2016/01/05 13:19:55,751.339,72.6372831215,498.825,747.225,861.255,3,362.43,781.13375,56.9387921414,666.9,789.48,868.905,3,202.005
2,2016/01/05 13:19:55,2016/01/05 13:20:13,694.38075,105.793240206,498.735,714.015,824.31,3,325.575,751.339,72.6372831215,498.825,747.225,861.255,3,362.43
2,2016/01/05 13:20:13,2016/01/05 13:20:32,717.26975,78.2627558066,525.24,737.1225,830.115,3,304.875,694.38075,105.793240206,498.735,714.015,824.31,3,325.575
2,2016/01/05 13:20:32,2016/01/05 13:20:50,774.302,58.9079577233,489.915,792.6525,834.165,3,344.25,717.26975,78.2627558066,525.24,737.1225,830.115,3,304.875
2,2016/01/05 13:20:50,2016/01/05 13:21:08,794.628,4.32764146097,783.225,795.15,803.88,3,20.655,774.302,58.9079577233,489.915,792.6525,834.165,3,344.25
2,2016/01/05 13:21:08,2016/01/05 13:21:26,795.62225,2.35084534155,792.45,794.88,803.7,3,11.25,794.628,4.32764146097,783.225,795.15,803.88,3,20.655
2,2016/01/05 13:21:26,2016/01/05 13:21:44,784.69975,81.5298240206,597.105,819.1125,864.27,3,267.165,795.62225,2.35084534155,792.45,794.88,803.7,3,11.25
2,2016/01/05 13:21:44,2016/01/05 13:22:03,606.56775,170.638032457,418.275,546.4575,895.725,3,477.45,784.69975,81.5298240206,597.105,819.1125,864.27,3,267.165
2,2016/01/05 13:22:03,2016/01/05 13:22:21,439.906,114.646417787,339.57,392.76,732.825,3,393.255,606.56775,170.638032457,418.275,546.4575,895.725,3,477.45
2,2016/01/05 13:22:21,2016/01/05 13:22:39,422.45575,37.8775815075,350.595,418.815,527.715,3,177.12,439.906,114.646417787,339.57,392.76,732.825,3,393.255
2,2016/01/05 13:22:39,2016/01/05 13:22:57,421.26125,8.93671814762,410.04,418.455,440.37,3,30.33,422.45575,37.8775815075,350.595,418.815,527.715,3,177.12
2,2016/01/05 13:22:57,2016/01/05 13:23:15,434.0315,34.9975355912,414.855,425.655,668.565,3,253.71,421.26125,8.93671814762,410.04,418.455,440.37,3,30.33
2,2016/01/05 13:23:15,2016/01/05 13:23:34,572.948,54.6432162232,484.11,558.6075,702.9,3,218.79,434.0315,34.9975355912,414.855,425.655,668.565,3,253.71
2,2016/01/05 13:23:34,2016/01/05 13:23:52,474.203,11.614203626,456.66,472.1175,499.23,3,42.57,572.948,54.6432162232,484.11,558.6075,702.9,3,218.79
2,2016/01/05 13:23:52,2016/01/05 13:24:10,461.738,6.34050772072,451.035,460.6875,475.695,3,24.66,474.203,11.614203626,456.66,472.1175,499.23,3,42.57
2,2016/01/05 13:24:10,2016/01/05 13:24:28,460.0,5.40101922411,442.44,459.63,474.525,3,32.085,461.738,6.34050772072,451.035,460.6875,475.695,3,24.66
2,2016/01/05 13:24:28,2016/01/05 13:24:46,452.066,5.25783523864,444.375,451.44,474.255,3,29.88,460.0,5.40101922411,442.44,459.63,474.525,3,32.085
2,2016/01/05 13:24:47,2016/01/05 13:25:05,449.62625,4.993979808,442.125,448.875,474.525,3,32.4,452.066,5.25783523864,444.375,451.44,474.255,3,29.88
2,2016/01/05 13:25:05,2016/01/05 13:25:23,528.87575,127.200178757,432.99,451.755,775.935,3,342.945,449.62625,4.993979808,442.125,448.875,474.525,3,32.4
2,2016/01/05 13:25:23,2016/01/05 13:25:41,627.4135,49.2249645607,503.01,651.42,671.94,3,168.93,528.87575,127.200178757,432.99,451.755,775.935,3,342.945
2,2016/01/05 13:25:41,2016/01/05 13:25:59,753.06325,103.410918104,584.64,782.3925,906.57,3,321.93,627.4135,49.2249645607,503.01,651.42,671.94,3,168.93
2,2016/01/05 13:25:59,2016/01/05 13:26:17,735.72525,85.1362640835,633.33,739.17,868.455,3,235.125,753.06325,103.410918104,584.64,782.3925,906.57,3,321.93
2,2016/01/05 13:26:17,2016/01/05 13:26:35,757.9205,58.4696535149,542.025,773.0325,879.03,3,337.005,735.72525,85.1362640835,633.33,739.17,868.455,3,235.125
2,2016/01/05 13:26:36,2016/01/05 13:26:54,696.05575,30.1129437614,595.62,697.0275,790.74,3,195.12,757.9205,58.4696535149,542.025,773.0325,879.03,3,337.005
2,2016/01/05 13:26:54,2016/01/05 13:27:12,741.60775,76.0297308362,583.695,762.5475,848.655,3,264.96,696.05575,30.1129437614,595.62,697.0275,790.74,3,195.12
2,2016/01/05 13:27:12,2016/01/05 13:27:30,712.56275,49.2211488084,575.73,721.4175,801.585,3,225.855,741.60775,76.0297308362,583.695,762.5475,848.655,3,264.96
2,2016/01/05 13:27:30,2016/01/05 13:27:48,751.4265,54.42731616,614.655,782.37,825.93,3,211.275,712.56275,49.2211488084,575.73,721.4175,801.585,3,225.855
2,2016/01/05 13:27:48,2016/01/05 13:28:06,623.908,59.2710293294,458.325,621.945,802.17,3,343.845,751.4265,54.42731616,614.655,782.37,825.93,3,211.275
2,2016/01/05 13:28:06,2016/01/05 13:28:25,377.1395,154.194987408,214.29,302.8275,644.67,3,430.38,623.908,59.2710293294,458.325,621.945,802.17,3,343.845
2,2016/01/05 13:28:25,2016/01/05 13:28:43,622.99675,42.7037977112,552.06,646.4475,672.525,3,120.465,377.1395,154.194987408,214.29,302.8275,644.67,3,430.38
2,2016/01/05 13:28:43,2016/01/05 13:29:01,649.62075,44.1784328259,546.525,656.865,770.715,3,224.19,622.99675,42.7037977112,552.06,646.4475,672.525,3,120.465
2,2016/01/05 13:29:01,2016/01/05 13:29:19,699.8425,38.9729242552,598.32,708.615,770.895,3,172.575,649.62075,44.1784328259,546.525,656.865,770.715,3,224.19
2,2016/01/05 13:29:19,2016/01/05 13:29:37,544.14725,62.7875153615,485.415,511.695,709.335,3,223.92,699.8425,38.9729242552,598.32,708.615,770.895,3,172.575
2,2016/01/05 13:29:37,2016/01/05 13:29:56,579.37275,29.5440308951,492.075,574.4025,740.205,3,248.13,544.14725,62.7875153615,485.415,511.695,709.335,3,223.92
2,2016/01/05 13:29:56,2016/01/05 13:30:14,623.80125,49.4075168519,479.745,644.535,671.805,3,192.06,579.37275,29.5440308951,492.075,574.4025,740.205,3,248.13
2,2016/01/05 13:30:14,2016/01/05 13:30:32,536.186,69.3517183963,469.35,504.36,685.305,3,215.955,623.80125,49.4075168519,479.745,644.535,671.805,3,192.06
2,2016/01/05 13:30:32,2016/01/05 13:30:50,516.6135,56.4785137147,458.865,500.4225,756.585,3,297.72,536.186,69.3517183963,469.35,504.36,685.305,3,215.955
2,2016/01/05 13:30:50,2016/01/05 13:31:09,512.3235,28.25133986,466.56,519.75,578.565,3,112.005,516.6135,56.4785137147,458.865,500.4225,756.585,3,297.72
2,2016/01/05 13:31:09,2016/01/05 13:31:27,518.7425,39.7720646835,413.955,511.65,760.455,3,346.5,512.3235,28.25133986,466.56,519.75,578.565,3,112.005
2,2016/01/05 13:31:27,2016/01/05 13:31:45,617.20975,130.043145636,285.345,585.9675,894.105,3,608.76,518.7425,39.7720646835,413.955,511.65,760.455,3,346.5
2,2016/01/05 13:31:45,2016/01/05 13:32:03,654.03375,28.7006029557,577.98,648.72,751.77,3,173.79,617.20975,130.043145636,285.345,585.9675,894.105,3,608.76
2,2016/01/05 13:32:03,2016/01/05 13:32:21,629.41625,23.2811187786,584.865,633.645,692.865,3,108.0,654.03375,28.7006029557,577.98,648.72,751.77,3,173.79
2,2016/01/05 13:32:22,2016/01/05 13:32:40,733.76875,140.899520405,298.62,744.435,957.87,3,659.25,629.41625,23.2811187786,584.865,633.645,692.865,3,108.0
2,2016/01/05 13:32:40,2016/01/05 13:32:58,603.61575,84.1752305897,356.895,635.1525,793.53,3,436.635,733.76875,140.899520405,298.62,744.435,957.87,3,659.25
2,2016/01/05 13:32:58,2016/01/05 13:33:16,704.0395,53.2971904337,534.465,717.21,800.55,3,266.085,603.61575,84.1752305897,356.895,635.1525,793.53,3,436.635
2,2016/01/05 13:33:16,2016/01/05 13:33:34,713.57175,80.9695947787,584.865,718.695,819.54,3,234.675,704.0395,53.2971904337,534.465,717.21,800.55,3,266.085
2,2016/01/05 13:33:34,2016/01/05 13:33:52,785.6045,9.95084314808,756.81,785.8125,802.575,3,45.765,713.57175,80.9695947787,584.865,718.695,819.54,3,234.675
2,2016/01/05 13:33:53,2016/01/05 13:34:11,732.004,79.1327938193,608.22,784.485,826.965,3,218.745,785.6045,9.95084314808,756.81,785.8125,802.575,3,45.765
2,2016/01/05 13:34:11,2016/01/05 13:34:29,727.618,90.1982316259,599.49,668.9475,874.44,3,274.95,732.004,79.1327938193,608.22,784.485,826.965,3,218.745
2,2016/01/05 13:34:29,2016/01/05 13:34:48,748.635,11.3406853344,693.36,746.955,782.28,3,88.92,727.618,90.1982316259,599.49,668.9475,874.44,3,274.95
2,2016/01/05 13:34:48,2016/01/05 13:35:06,729.9655,29.4032018793,633.285,728.955,789.84,3,156.555,748.635,11.3406853344,693.36,746.955,782.28,3,88.92
2,2016/01/05 13:35:06,2016/01/05 13:35:24,736.2495,18.3483600343,694.53,734.6475,772.605,3,78.075,729.9655,29.4032018793,633.285,728.955,789.84,3,156.555
2,2016/01/05 13:35:24,2016/01/05 13:35:43,675.98025,83.6287717662,457.2,712.6875,724.095,3,266.895,736.2495,18.3483600343,694.53,734.6475,772.605,3,78.075
2,2016/01/05 13:35:43,2016/01/05 13:36:01,588.6025,77.0220591334,468.495,581.94,764.01,3,295.515,675.98025,83.6287717662,457.2,712.6875,724.095,3,266.895
2,2016/01/05 13:36:01,2016/01/05 13:36:19,616.21325,45.2302261294,529.245,616.9275,690.93,3,161.685,588.6025,77.0220591334,468.495,581.94,764.01,3,295.515
2,2016/01/05 13:36:19,2016/01/05 13:36:37,703.563,13.4865977608,666.9,703.4175,726.93,3,60.03,616.21325,45.2302261294,529.245,616.9275,690.93,3,161.685
2,2016/01/05 13:36:37,2016/01/05 13:36:55,853.69925,84.7697597315,668.43,882.9225,957.105,3,288.675,703.563,13.4865977608,666.9,703.4175,726.93,3,60.03
2,2016/01/05 13:36:56,2016/01/05 13:37:14,678.34325,156.70694682,480.285,662.1975,892.755,3,412.47,853.69925,84.7697597315,668.43,882.9225,957.105,3,288.675
2,2016/01/05 13:37:14,2016/01/05 13:37:32,706.5165,33.3426930421,572.85,712.8675,807.525,3,234.675,678.34325,156.70694682,480.285,662.1975,892.755,3,412.47
2,2016/01/05 13:37:32,2016/01/05 13:37:50,643.31375,61.202461191,511.875,665.595,773.145,3,261.27,706.5165,33.3426930421,572.85,712.8675,807.525,3,234.675
2,2016/01/05 13:37:50,2016/01/05 13:38:09,584.76125,35.7584234592,542.7,582.1875,740.34,3,197.64,643.31375,61.202461191,511.875,665.595,773.145,3,261.27
2,2016/01/05 13:38:09,2016/01/05 13:38:27,499.9515,126.808939178,340.065,483.9975,694.44,3,354.375,584.76125,35.7584234592,542.7,582.1875,740.34,3,197.64
2,2016/01/05 13:38:27,2016/01/05 13:38:45,493.3815,46.203036769,349.605,482.625,628.335,3,278.73,499.9515,126.808939178,340.065,483.9975,694.44,3,354.375
2,2016/01/05 13:38:45,2016/01/05 13:39:03,719.7545,126.479884249,365.355,795.96,866.655,3,501.3,493.3815,46.203036769,349.605,482.625,628.335,3,278.73
2,2016/01/05 13:39:03,2016/01/05 13:39:21,381.8155,78.165069686,266.58,360.6075,675.315,3,408.735,719.7545,126.479884249,365.355,795.96,866.655,3,501.3
2,2016/01/05 13:39:22,2016/01/05 13:39:40,314.63325,31.4231939232,261.45,323.3475,367.695,3,106.245,381.8155,78.165069686,266.58,360.6075,675.315,3,408.735
2,2016/01/05 13:39:40,2016/01/05 13:39:58,389.4535,35.6410511068,337.32,378.6975,501.975,3,164.655,314.63325,31.4231939232,261.45,323.3475,367.695,3,106.245
2,2016/01/05 13:39:58,2016/01/05 13:40:16,396.73925,12.7476146906,373.59,401.625,417.06,3,43.47,389.4535,35.6410511068,337.32,378.6975,501.975,3,164.655
2,2016/01/05 13:40:17,2016/01/05 13:40:35,394.041,24.3097733605,277.38,400.365,416.97,3,139.59,396.73925,12.7476146906,373.59,401.625,417.06,3,43.47
2,2016/01/05 13:40:35,2016/01/05 13:40:53,393.132,41.9537459611,311.355,403.245,460.845,3,149.49,394.041,24.3097733605,277.38,400.365,416.97,3,139.59
2,2016/01/05 13:40:53,2016/01/05 13:41:11,408.1865,22.616890342,370.89,405.6525,475.2,3,104.31,393.132,41.9537459611,311.355,403.245,460.845,3,149.49
2,2016/01/05 13:41:11,2016/01/05 13:41:29,425.6,17.7049636067,334.665,432.27,443.295,3,108.63,408.1865,22.616890342,370.89,405.6525,475.2,3,104.31
2,2016/01/05 13:41:29,2016/01/05 13:41:47,391.433,46.7714784545,294.075,394.5825,480.645,3,186.57,425.6,17.7049636067,334.665,432.27,443.295,3,108.63
2,2016/01/05 13:41:48,2016/01/05 13:42:06,431.352,43.7855880782,340.02,433.9575,495.315,3,155.295,391.433,46.7714784545,294.075,394.5825,480.645,3,186.57
2,2016/01/05 13:42:06,2016/01/05 13:42:24,443.77475,6.61433755187,425.565,445.275,455.895,3,30.33,431.352,43.7855880782,340.02,433.9575,495.315,3,155.295
2,2016/01/05 13:42:24,2016/01/05 13:42:42,553.429,159.188685705,432.585,465.525,906.975,3,474.39,443.77475,6.61433755187,425.565,445.275,455.895,3,30.33
2,2016/01/05 13:42:42,2016/01/05 13:43:00,835.7515,55.0042790232,707.085,840.3975,917.415,3,210.33,553.429,159.188685705,432.585,465.525,906.975,3,474.39
2,2016/01/05 13:43:00,2016/01/05 13:43:18,569.5105,184.988722101,353.07,530.415,825.885,3,472.815,835.7515,55.0042790232,707.085,840.3975,917.415,3,210.33
2,2016/01/05 13:43:19,2016/01/05 13:43:37,365.29225,18.0378830039,316.53,366.48,404.01,3,87.48,569.5105,184.988722101,353.07,530.415,825.885,3,472.815
2,2016/01/05 13:43:37,2016/01/05 13:43:55,366.33825,20.6244647635,319.275,367.335,402.705,3,83.43,365.29225,18.0378830039,316.53,366.48,404.01,3,87.48
2,2016/01/05 13:43:55,2016/01/05 13:44:14,347.0805,9.39055416734,331.605,349.2,378.81,3,47.205,366.33825,20.6244647635,319.275,367.335,402.705,3,83.43
2,2016/01/05 13:44:14,2016/01/05 13:44:32,376.495,42.3971098249,282.465,360.63,456.75,3,174.285,347.0805,9.39055416734,331.605,349.2,378.81,3,47.205
2,2016/01/05 13:44:32,2016/01/05 13:44:50,317.42625,32.3840773986,274.41,340.065,359.64,3,85.23,376.495,42.3971098249,282.465,360.63,456.75,3,174.285
2,2016/01/05 13:44:50,2016/01/05 13:45:08,513.645,210.755431738,334.035,370.5975,918.585,3,584.55,317.42625,32.3840773986,274.41,340.065,359.64,3,85.23
2,2016/01/05 13:45:08,2016/01/05 13:45:26,337.8115,3.10819712334,332.1,337.545,345.375,3,13.275,513.645,210.755431738,334.035,370.5975,918.585,3,584.55
2,2016/01/05 13:45:27,2016/01/05 13:45:45,339.324,5.4275214875,327.87,339.885,352.215,3,24.345,337.8115,3.10819712334,332.1,337.545,345.375,3,13.275
2,2016/01/05 13:45:45,2016/01/05 13:46:03,345.63925,3.5358183361,341.19,345.1275,360.54,3,19.35,339.324,5.4275214875,327.87,339.885,352.215,3,24.345
2,2016/01/05 13:46:03,2016/01/05 13:46:21,359.1425,9.7991236283,341.865,358.335,391.275,3,49.41,345.63925,3.5358183361,341.19,345.1275,360.54,3,19.35
2,2016/01/05 13:46:21,2016/01/05 13:46:39,352.898,27.7035221557,236.655,355.185,480.825,3,244.17,359.1425,9.7991236283,341.865,358.335,391.275,3,49.41
2,2016/01/05 13:46:39,2016/01/05 13:46:57,366.4645,4.44040479243,351.675,367.9425,375.345,3,23.67,352.898,27.7035221557,236.655,355.185,480.825,3,244.17
2,2016/01/05 13:46:57,2016/01/05 13:47:16,331.65575,6.60973487401,312.345,331.5825,368.235,3,55.89,366.4645,4.44040479243,351.675,367.9425,375.345,3,23.67
2,2016/01/05 13:47:16,2016/01/05 13:47:34,335.28575,3.08017718216,316.935,335.07,342.765,3,25.83,331.65575,6.60973487401,312.345,331.5825,368.235,3,55.89
2,2016/01/05 13:47:34,2016/01/05 13:47:53,521.7625,168.036402215,332.37,510.5025,825.615,3,493.245,335.28575,3.08017718216,316.935,335.07,342.765,3,25.83
2,2016/01/05 13:47:53,2016/01/05 13:48:11,502.017,28.9239266934,462.15,493.515,589.32,3,127.17,521.7625,168.036402215,332.37,510.5025,825.615,3,493.245
2,2016/01/05 13:48:11,2016/01/05 13:48:30,566.279,59.8679912388,443.61,581.67,644.76,3,201.15,502.017,28.9239266934,462.15,493.515,589.32,3,127.17
2,2016/01/05 13:48:30,2016/01/05 13:48:48,563.21275,34.7110888062,510.975,545.3775,631.98,3,121.005,566.279,59.8679912388,443.61,581.67,644.76,3,201.15
2,2016/01/05 13:48:48,2016/01/05 13:49:06,512.966,34.3541048241,386.775,517.455,547.695,3,160.92,563.21275,34.7110888062,510.975,545.3775,631.98,3,121.005
2,2016/01/05 13:49:07,2016/01/05 13:49:25,596.8155,86.7211941035,334.44,598.2525,731.115,3,396.675,512.966,34.3541048241,386.775,517.455,547.695,3,160.92
2,2016/01/05 13:49:25,2016/01/05 13:49:43,588.1825,36.2152790316,493.47,583.4925,739.44,3,245.97,596.8155,86.7211941035,334.44,598.2525,731.115,3,396.675
2,2016/01/05 13:49:43,2016/01/05 13:50:01,578.7445,70.2932579396,230.22,604.6425,627.705,3,397.485,588.1825,36.2152790316,493.47,583.4925,739.44,3,245.97
2,2016/01/05 13:50:01,2016/01/05 13:50:19,583.5255,42.5358755979,475.965,587.745,717.75,3,241.785,578.7445,70.2932579396,230.22,604.6425,627.705,3,397.485
2,2016/01/05 13:50:19,2016/01/05 13:50:37,680.094,70.8629983294,589.95,642.8025,877.365,3,287.415,583.5255,42.5358755979,475.965,587.745,717.75,3,241.785
2,2016/01/05 13:50:37,2016/01/05 13:50:55,650.41,23.9322031765,566.595,655.92,691.965,3,125.37,680.094,70.8629983294,589.95,642.8025,877.365,3,287.415
2,2016/01/05 13:50:56,2016/01/05 13:51:14,690.881,35.164807046,577.125,672.39,755.1,3,177.975,650.41,23.9322031765,566.595,655.92,691.965,3,125.37
2,2016/01/05 13:51:14,2016/01/05 13:51:32,728.0485,4.47241042391,719.235,727.875,747.585,3,28.35,690.881,35.164807046,577.125,672.39,755.1,3,177.975
2,2016/01/05 13:51:32,2016/01/05 13:51:51,672.813,70.3971368641,524.79,649.305,776.25,3,251.46,728.0485,4.47241042391,719.235,727.875,747.585,3,28.35
2,2016/01/05 13:51:51,2016/01/05 13:52:09,597.47225,6.32885023746,562.545,598.185,610.83,3,48.285,672.813,70.3971368641,524.79,649.305,776.25,3,251.46
2,2016/01/05 13:52:09,2016/01/05 13:52:27,659.26525,56.2078958505,478.62,644.8275,828.27,3,349.65,597.47225,6.32885023746,562.545,598.185,610.83,3,48.285
2,2016/01/05 13:52:28,2016/01/05 13:52:46,654.2495,78.754114847,306.135,665.415,854.145,3,548.01,659.26525,56.2078958505,478.62,644.8275,828.27,3,349.65
2,2016/01/05 13:52:46,2016/01/05 13:53:04,715.1205,119.302349603,580.05,647.9325,924.21,3,344.16,654.2495,78.754114847,306.135,665.415,854.145,3,548.01
2,2016/01/05 13:53:05,2016/01/05 13:53:23,651.45025,23.5878830524,616.365,650.295,731.475,3,115.11,715.1205,119.302349603,580.05,647.9325,924.21,3,344.16
2,2016/01/05 13:53:23,2016/01/05 13:53:41,651.45925,12.1214235925,629.55,650.6325,683.28,3,53.73,651.45025,23.5878830524,616.365,650.295,731.475,3,115.11
2,2016/01/05 13:53:41,2016/01/05 13:53:59,648.4275,12.4121390899,615.825,648.27,676.8,3,60.975,651.45925,12.1214235925,629.55,650.6325,683.28,3,53.73
2,2016/01/05 13:53:59,2016/01/05 13:54:17,668.317,119.221161838,324.495,678.15,881.235,3,556.74,648.4275,12.4121390899,615.825,648.27,676.8,3,60.975
2,2016/01/05 13:54:17,2016/01/05 13:54:35,694.71725,54.674662044,542.205,671.76,829.305,3,287.1,668.317,119.221161838,324.495,678.15,881.235,3,556.74
2,2016/01/05 13:54:35,2016/01/05 13:54:53,652.56925,199.400775847,364.455,594.2475,977.49,3,613.035,694.71725,54.674662044,542.205,671.76,829.305,3,287.1
2,2016/01/05 13:54:54,2016/01/05 13:55:12,671.22625,96.467108232,394.11,669.6675,856.035,3,461.925,652.56925,199.400775847,364.455,594.2475,977.49,3,613.035
2,2016/01/05 13:55:12,2016/01/05 13:55:30,800.1305,127.515954604,414.495,826.065,950.445,3,535.95,671.22625,96.467108232,394.11,669.6675,856.035,3,461.925
2,2016/01/05 13:55:30,2016/01/05 13:55:48,805.55525,75.000419437,670.41,789.0975,978.93,3,308.52,800.1305,127.515954604,414.495,826.065,950.445,3,535.95
2,2016/01/05 13:55:48,2016/01/05 13:56:06,722.4205,112.909299862,435.015,702.3375,932.49,3,497.475,805.55525,75.000419437,670.41,789.0975,978.93,3,308.52
2,2016/01/05 13:56:06,2016/01/05 13:56:25,702.0295,29.7501339141,652.995,722.25,746.64,3,93.645,722.4205,112.909299862,435.015,702.3375,932.49,3,497.475
2,2016/01/05 13:56:25,2016/01/05 13:56:43,720.9885,41.4602899025,637.11,700.65,838.215,3,201.105,702.0295,29.7501339141,652.995,722.25,746.64,3,93.645
2,2016/01/05 13:56:43,2016/01/05 13:57:01,454.6165,138.381305725,366.435,375.6375,706.725,3,340.29,720.9885,41.4602899025,637.11,700.65,838.215,3,201.105
2,2016/01/05 13:57:01,2016/01/05 13:57:19,575.82975,148.11743446,369.135,507.6,777.69,3,408.555,454.6165,138.381305725,366.435,375.6375,706.725,3,340.29
2,2016/01/05 13:57:19,2016/01/05 13:57:38,613.80625,127.022439366,475.965,722.25,783.36,3,307.395,575.82975,148.11743446,369.135,507.6,777.69,3,408.555
2,2016/01/05 13:57:38,2016/01/05 13:57:56,732.77425,9.83206353301,706.005,732.9825,763.47,3,57.465,613.80625,127.022439366,475.965,722.25,783.36,3,307.395
2,2016/01/05 13:57:57,2016/01/05 13:58:15,705.929,8.6972678141,685.935,703.35,726.12,3,40.185,732.77425,9.83206353301,706.005,732.9825,763.47,3,57.465
2,2016/01/05 13:58:15,2016/01/05 13:58:33,674.21525,21.9660528609,587.385,690.6825,699.03,3,111.645,705.929,8.6972678141,685.935,703.35,726.12,3,40.185
2,2016/01/05 13:58:33,2016/01/05 13:58:51,644.5935,6.88245664492,625.725,643.68,661.14,3,35.415,674.21525,21.9660528609,587.385,690.6825,699.03,3,111.645
2,2016/01/05 13:58:51,2016/01/05 13:59:09,672.46625,33.2593563258,627.435,651.2625,748.755,3,121.32,644.5935,6.88245664492,625.725,643.68,661.14,3,35.415
2,2016/01/05 13:59:10,2016/01/05 13:59:28,632.8665,53.5411718487,551.205,628.7175,734.805,3,183.6,672.46625,33.2593563258,627.435,651.2625,748.755,3,121.32
2,2016/01/05 13:59:28,2016/01/05 13:59:46,609.91925,2.49629476682,606.015,609.885,616.77,3,10.755,632.8665,53.5411718487,551.205,628.7175,734.805,3,183.6
2,2016/01/05 13:59:46,2016/01/05 14:00:04,610.62275,3.63679398205,596.385,610.29,620.505,3,24.12,609.91925,2.49629476682,606.015,609.885,616.77,3,10.755
2,2016/01/05 14:00:04,2016/01/05 14:00:22,602.59,5.84481097754,587.97,603.855,614.745,2,26.775,610.62275,3.63679398205,596.385,610.29,620.505,3,24.12
2,2016/01/05 14:00:22,2016/01/05 14:00:40,530.21475,31.9270811446,472.86,518.04,741.555,2,268.695,602.59,5.84481097754,587.97,603.855,614.745,2,26.775
2,2016/01/05 14:00:40,2016/01/05 14:00:58,560.42825,39.0245321513,446.76,584.3925,619.11,2,172.35,530.21475,31.9270811446,472.86,518.04,741.555,2,268.695
2,2016/01/05 14:00:59,2016/01/05 14:01:17,581.42425,88.6262121797,239.265,606.4875,741.78,2,502.515,560.42825,39.0245321513,446.76,584.3925,619.11,2,172.35
2,2016/01/05 14:01:17,2016/01/05 14:01:35,585.88725,7.78418586097,572.31,584.685,614.385,2,42.075,581.42425,88.6262121797,239.265,606.4875,741.78,2,502.515
2,2016/01/05 14:01:35,2016/01/05 14:01:54,571.158,6.67265734423,558.72,572.535,585.63,2,26.91,585.88725,7.78418586097,572.31,584.685,614.385,2,42.075
2,2016/01/05 14:01:54,2016/01/05 14:02:12,563.748,3.3592024692,559.53,562.635,579.87,2,20.34,571.158,6.67265734423,558.72,572.535,585.63,2,26.91
2,2016/01/05 14:02:12,2016/01/05 14:02:31,565.60225,6.24328491273,544.95,564.705,579.69,2,34.74,563.748,3.3592024692,559.53,562.635,579.87,2,20.34
2,2016/01/05 14:02:31,2016/01/05 14:02:49,527.84725,101.704534401,382.005,558.81,719.19,2,337.185,565.60225,6.24328491273,544.95,564.705,579.69,2,34.74
2,2016/01/05 14:02:49,2016/01/05 14:03:07,506.81225,133.85523792,378.72,443.6775,710.595,2,331.875,527.84725,101.704534401,382.005,558.81,719.19,2,337.185
2,2016/01/05 14:03:07,2016/01/05 14:03:26,647.4385,39.199270034,614.52,627.525,741.15,2,126.63,506.81225,133.85523792,378.72,443.6775,710.595,2,331.875
2,2016/01/05 14:03:26,2016/01/05 14:03:44,649.90875,37.0718173795,602.865,631.35,730.035,2,127.17,647.4385,39.199270034,614.52,627.525,741.15,2,126.63
2,2016/01/05 14:03:44,2016/01/05 14:04:02,692.06825,6.44346140096,672.84,691.4025,711.81,2,38.97,649.90875,37.0718173795,602.865,631.35,730.035,2,127.17
2,2016/01/05 14:04:02,2016/01/05 14:04:20,699.128,16.7531034197,678.105,694.8,746.37,2,68.265,692.06825,6.44346140096,672.84,691.4025,711.81,2,38.97
2,2016/01/05 14:04:20,2016/01/05 14:04:39,693.03375,7.65206986046,666.72,693.855,707.49,2,40.77,699.128,16.7531034197,678.105,694.8,746.37,2,68.265
2,2016/01/05 14:04:39,2016/01/05 14:04:57,705.67675,8.99611092998,684.72,709.695,721.215,2,36.495,693.03375,7.65206986046,666.72,693.855,707.49,2,40.77
2,2016/01/05 14:04:57,2016/01/05 14:05:15,691.8095,31.2388774311,539.73,709.4475,747.45,2,207.72,705.67675,8.99611092998,684.72,709.695,721.215,2,36.495
2,2016/01/05 14:05:15,2016/01/05 14:05:33,699.8535,5.70443831175,688.77,698.76,713.97,2,25.2,691.8095,31.2388774311,539.73,709.4475,747.45,2,207.72
2,2016/01/05 14:05:34,2016/01/05 14:05:52,708.887,18.5865018196,588.15,712.5075,790.56,2,202.41,699.8535,5.70443831175,688.77,698.76,713.97,2,25.2
2,2016/01/05 14:05:52,2016/01/05 14:06:10,676.382,21.9289044771,650.52,666.09,729.45,2,78.93,708.887,18.5865018196,588.15,712.5075,790.56,2,202.41
2,2016/01/05 14:06:10,2016/01/05 14:06:28,711.08625,18.8926649024,645.615,717.255,741.69,2,96.075,676.382,21.9289044771,650.52,666.09,729.45,2,78.93
2,2016/01/05 14:06:28,2016/01/05 14:06:47,716.5165,7.18839936612,687.78,716.4675,735.705,2,47.925,711.08625,18.8926649024,645.615,717.255,741.69,2,96.075
2,2016/01/05 14:06:47,2016/01/05 14:07:05,714.35625,4.59739514768,699.39,715.365,726.435,2,27.045,716.5165,7.18839936612,687.78,716.4675,735.705,2,47.925
2,2016/01/05 14:07:05,2016/01/05 14:07:23,763.7205,16.8041239626,716.985,768.285,788.04,2,71.055,714.35625,4.59739514768,699.39,715.365,726.435,2,27.045
2,2016/01/05 14:07:23,2016/01/05 14:07:41,773.02025,4.10015268399,756.27,773.55,790.92,2,34.65,763.7205,16.8041239626,716.985,768.285,788.04,2,71.055
2,2016/01/05 14:07:41,2016/01/05 14:08:00,772.2175,8.56761057576,758.385,770.85,795.51,2,37.125,773.02025,4.10015268399,756.27,773.55,790.92,2,34.65
2,2016/01/05 14:08:00,2016/01/05 14:08:18,760.602,3.24271743587,738.45,760.77,765.99,2,27.54,772.2175,8.56761057576,758.385,770.85,795.51,2,37.125
2,2016/01/05 14:08:18,2016/01/05 14:08:36,717.3355,43.4921279402,615.96,726.9525,784.935,2,168.975,760.602,3.24271743587,738.45,760.77,765.99,2,27.54
2,2016/01/05 14:08:37,2016/01/05 14:08:55,559.69475,84.7247741833,473.535,503.19,698.49,2,224.955,717.3355,43.4921279402,615.96,726.9525,784.935,2,168.975
2,2016/01/05 14:08:55,2016/01/05 14:09:13,623.13125,86.7397823501,503.91,685.9125,709.785,2,205.875,559.69475,84.7247741833,473.535,503.19,698.49,2,224.955
2,2016/01/05 14:09:13,2016/01/05 14:09:32,613.13375,77.8561536121,413.685,672.5025,717.165,2,303.48,623.13125,86.7397823501,503.91,685.9125,709.785,2,205.875
2,2016/01/05 14:09:32,2016/01/05 14:09:50,574.51975,48.3713072509,540.045,546.3,672.075,2,132.03,613.13375,77.8561536121,413.685,672.5025,717.165,2,303.48
2,2016/01/05 14:09:50,2016/01/05 14:10:08,679.72425,42.9291141668,563.715,704.7225,735.3,2,171.585,574.51975,48.3713072509,540.045,546.3,672.075,2,132.03
2,2016/01/05 14:10:08,2016/01/05 14:10:27,676.728,24.2229839122,604.755,665.82,730.98,2,126.225,679.72425,42.9291141668,563.715,704.7225,735.3,2,171.585
2,2016/01/05 14:10:27,2016/01/05 14:10:45,589.951,62.6805525679,524.655,558.7425,746.37,2,221.715,676.728,24.2229839122,604.755,665.82,730.98,2,126.225
2,2016/01/05 14:10:45,2016/01/05 14:11:03,552.37475,16.5665804325,473.22,548.235,597.15,2,123.93,589.951,62.6805525679,524.655,558.7425,746.37,2,221.715
2,2016/01/05 14:11:04,2016/01/05 14:11:22,534.41175,5.23197631019,524.925,533.5425,561.33,2,36.405,552.37475,16.5665804325,473.22,548.235,597.15,2,123.93
2,2016/01/05 14:11:22,2016/01/05 14:11:40,534.47,7.39599982476,522.225,535.41,562.005,2,39.78,534.41175,5.23197631019,524.925,533.5425,561.33,2,36.405
2,2016/01/05 14:11:40,2016/01/05 14:11:58,520.086,24.500117976,400.095,517.05,575.64,2,175.545,534.47,7.39599982476,522.225,535.41,562.005,2,39.78
2,2016/01/05 14:11:58,2016/01/05 14:12:17,540.1425,37.6760258986,485.91,528.885,738.405,2,252.495,520.086,24.500117976,400.095,517.05,575.64,2,175.545
2,2016/01/05 14:12:17,2016/01/05 14:12:35,490.25825,82.5634273439,197.325,522.3825,582.615,2,385.29,540.1425,37.6760258986,485.91,528.885,738.405,2,252.495
2,2016/01/05 14:12:35,2016/01/05 14:12:53,508.0165,44.0545541146,437.175,511.4475,579.645,2,142.47,490.25825,82.5634273439,197.325,522.3825,582.615,2,385.29
2,2016/01/05 14:12:53,2016/01/05 14:13:11,504.3895,62.4882053566,379.485,497.61,607.95,2,228.465,508.0165,44.0545541146,437.175,511.4475,579.645,2,142.47
2,2016/01/05 14:13:11,2016/01/05 14:13:29,528.2935,47.9677829233,469.935,536.715,615.78,2,145.845,504.3895,62.4882053566,379.485,497.61,607.95,2,228.465
2,2016/01/05 14:13:29,2016/01/05 14:13:48,473.37975,21.3300218911,437.31,477.855,535.815,2,98.505,528.2935,47.9677829233,469.935,536.715,615.78,2,145.845
2,2016/01/05 14:13:48,2016/01/05 14:14:06,441.828,28.5385401014,384.21,446.2875,488.385,2,104.175,473.37975,21.3300218911,437.31,477.855,535.815,2,98.505
2,2016/01/05 14:14:06,2016/01/05 14:14:24,508.778,109.847729351,197.37,505.89,741.51,2,544.14,441.828,28.5385401014,384.21,446.2875,488.385,2,104.175
2,2016/01/05 14:14:24,2016/01/05 14:14:42,591.551,36.0180127632,521.55,585.0225,701.37,2,179.82,508.778,109.847729351,197.37,505.89,741.51,2,544.14
2,2016/01/05 14:14:42,2016/01/05 14:15:00,496.27125,30.3905611444,424.62,481.14,559.035,2,134.415,591.551,36.0180127632,521.55,585.0225,701.37,2,179.82
2,2016/01/05 14:15:00,2016/01/05 14:15:19,464.211,56.8637705481,388.62,453.24,663.48,2,274.86,496.27125,30.3905611444,424.62,481.14,559.035,2,134.415
2,2016/01/05 14:15:19,2016/01/05 14:15:37,477.58125,35.9922705695,400.635,475.9425,614.16,2,213.525,464.211,56.8637705481,388.62,453.24,663.48,2,274.86
2,2016/01/05 14:15:37,2016/01/05 14:15:56,574.594,20.7773891352,494.685,578.655,606.285,2,111.6,477.58125,35.9922705695,400.635,475.9425,614.16,2,213.525
2,2016/01/05 14:15:56,2016/01/05 14:16:14,568.19975,78.3053421647,494.28,544.1625,827.955,2,333.675,574.594,20.7773891352,494.685,578.655,606.285,2,111.6
2,2016/01/05 14:16:14,2016/01/05 14:16:33,562.1415,29.1402205962,456.615,564.39,632.7,2,176.085,568.19975,78.3053421647,494.28,544.1625,827.955,2,333.675
2,2016/01/05 14:16:33,2016/01/05 14:16:51,550.1865,51.9761201504,440.46,560.835,654.48,2,214.02,562.1415,29.1402205962,456.615,564.39,632.7,2,176.085
2,2016/01/05 14:16:51,2016/01/05 14:17:10,519.279,45.0168299701,396.585,527.3325,596.475,2,199.89,550.1865,51.9761201504,440.46,560.835,654.48,2,214.02
2,2016/01/05 14:17:10,2016/01/05 14:17:28,522.903,21.2371841709,432.855,518.4225,578.25,2,145.395,519.279,45.0168299701,396.585,527.3325,596.475,2,199.89
2,2016/01/05 14:17:28,2016/01/05 14:17:46,520.30675,22.9080958371,464.85,512.9325,577.845,2,112.995,522.903,21.2371841709,432.855,518.4225,578.25,2,145.395
2,2016/01/05 14:17:46,2016/01/05 14:18:04,621.9685,63.1217127379,492.975,642.2625,701.505,2,208.53,520.30675,22.9080958371,464.85,512.9325,577.845,2,112.995
2,2016/01/05 14:18:05,2016/01/05 14:18:23,537.908,28.0904996843,477.81,536.6925,594.81,2,117.0,621.9685,63.1217127379,492.975,642.2625,701.505,2,208.53
2,2016/01/05 14:18:23,2016/01/05 14:18:41,571.06425,43.6531038543,500.805,552.465,672.84,2,172.035,537.908,28.0904996843,477.81,536.6925,594.81,2,117.0
2,2016/01/05 14:18:41,2016/01/05 14:18:59,519.86925,87.1009128618,328.185,542.25,654.57,2,326.385,571.06425,43.6531038543,500.805,552.465,672.84,2,172.035
2,2016/01/05 14:18:59,2016/01/05 14:19:17,475.1645,64.1155295839,271.665,474.975,607.995,2,336.33,519.86925,87.1009128618,328.185,542.25,654.57,2,326.385
2,2016/01/05 14:19:17,2016/01/05 14:19:36,477.884,42.1277454799,417.06,470.2275,573.345,2,156.285,475.1645,64.1155295839,271.665,474.975,607.995,2,336.33
2,2016/01/05 14:19:36,2016/01/05 14:19:54,545.9505,36.9659410095,429.48,539.505,672.885,2,243.405,477.884,42.1277454799,417.06,470.2275,573.345,2,156.285
2,2016/01/05 14:19:54,2016/01/05 14:20:12,536.11475,13.0341533989,470.205,539.73,561.375,2,91.17,545.9505,36.9659410095,429.48,539.505,672.885,2,243.405
2,2016/01/05 14:20:12,2016/01/05 14:20:30,514.882,45.100922929,328.815,508.1625,629.64,2,300.825,536.11475,13.0341533989,470.205,539.73,561.375,2,91.17
2,2016/01/05 14:20:30,2016/01/05 14:20:48,516.40125,16.7072586245,444.465,519.525,563.49,2,119.025,514.882,45.100922929,328.815,508.1625,629.64,2,300.825
2,2016/01/05 14:20:48,2016/01/05 14:21:06,528.72725,28.2742109447,472.32,522.36,655.38,2,183.06,516.40125,16.7072586245,444.465,519.525,563.49,2,119.025
2,2016/01/05 14:21:07,2016/01/05 14:21:24,504.528,40.4429244753,386.82,520.83,558.0,2,171.18,528.72725,28.2742109447,472.32,522.36,655.38,2,183.06
2,2016/01/05 14:21:25,2016/01/05 14:21:43,483.088,14.3754077193,374.535,481.635,519.3,2,144.765,504.528,40.4429244753,386.82,520.83,558.0,2,171.18
2,2016/01/05 14:21:43,2016/01/05 14:22:01,545.93275,114.062632664,385.875,499.05,825.795,2,439.92,483.088,14.3754077193,374.535,481.635,519.3,2,144.765
2,2016/01/05 14:22:01,2016/01/05 14:22:19,755.7905,60.7632757044,655.875,736.0425,888.345,2,232.47,545.93275,114.062632664,385.875,499.05,825.795,2,439.92
2,2016/01/05 14:22:19,2016/01/05 14:22:37,845.499,43.909084629,726.3,859.905,912.51,2,186.21,755.7905,60.7632757044,655.875,736.0425,888.345,2,232.47
2,2016/01/05 14:22:37,2016/01/05 14:22:55,674.31725,95.0256864337,573.21,638.505,896.31,2,323.1,845.499,43.909084629,726.3,859.905,912.51,2,186.21
2,2016/01/05 14:22:56,2016/01/05 14:23:14,726.64375,137.014766599,523.62,829.935,895.275,2,371.655,674.31725,95.0256864337,573.21,638.505,896.31,2,323.1
2,2016/01/05 14:23:14,2016/01/05 14:23:32,711.11925,69.7475136388,608.13,690.12,858.42,2,250.29,726.64375,137.014766599,523.62,829.935,895.275,2,371.655
2,2016/01/05 14:23:32,2016/01/05 14:23:50,689.4715,39.7718861673,603.045,689.4675,834.93,2,231.885,711.11925,69.7475136388,608.13,690.12,858.42,2,250.29
2,2016/01/05 14:23:51,2016/01/05 14:24:09,550.18425,113.969165276,274.77,594.4725,740.115,2,465.345,689.4715,39.7718861673,603.045,689.4675,834.93,2,231.885
2,2016/01/05 14:24:09,2016/01/05 14:24:27,614.996,92.3699784665,311.355,604.3275,775.62,2,464.265,550.18425,113.969165276,274.77,594.4725,740.115,2,465.345
2,2016/01/05 14:24:27,2016/01/05 14:24:45,539.784,66.3374035763,387.585,537.9975,676.26,2,288.675,614.996,92.3699784665,311.355,604.3275,775.62,2,464.265
2,2016/01/05 14:24:45,2016/01/05 14:25:03,562.8395,44.7604830457,370.98,560.97,666.765,2,295.785,539.784,66.3374035763,387.585,537.9975,676.26,2,288.675
2,2016/01/05 14:25:04,2016/01/05 14:25:22,770.6585,84.1894949754,554.04,796.86,910.485,2,356.445,562.8395,44.7604830457,370.98,560.97,666.765,2,295.785
2,2016/01/05 14:25:22,2016/01/05 14:25:40,749.14475,66.0831078667,597.015,797.625,845.91,2,248.895,770.6585,84.1894949754,554.04,796.86,910.485,2,356.445
2,2016/01/05 14:25:40,2016/01/05 14:25:58,696.4975,81.4482104884,609.525,685.8675,869.13,2,259.605,749.14475,66.0831078667,597.015,797.625,845.91,2,248.895
2,2016/01/05 14:25:58,2016/01/05 14:26:16,803.37275,61.7456304841,642.96,787.59,906.84,2,263.88,696.4975,81.4482104884,609.525,685.8675,869.13,2,259.605
2,2016/01/05 14:26:16,2016/01/05 14:26:35,664.199,83.3024286306,465.525,667.7775,838.215,2,372.69,803.37275,61.7456304841,642.96,787.59,906.84,2,263.88
2,2016/01/05 14:26:35,2016/01/05 14:26:53,668.03475,85.8638620765,463.995,668.9025,836.055,2,372.06,664.199,83.3024286306,465.525,667.7775,838.215,2,372.69
2,2016/01/05 14:26:54,2016/01/05 14:27:12,798.09625,59.5788406838,703.935,789.165,934.965,2,231.03,668.03475,85.8638620765,463.995,668.9025,836.055,2,372.06
3,2016/01/05 14:59:11,2016/01/05 15:00:05,592.29575,48.1734928141,406.8,600.885,649.125,2,242.325,379.5935,75.7331906528,291.24,363.825,655.92,2,364.68
3,2016/01/05 15:00:05,2016/01/05 15:01:00,639.70375,11.3382268804,611.595,642.015,709.965,2,98.37,592.29575,48.1734928141,406.8,600.885,649.125,2,242.325
3,2016/01/05 15:01:00,2016/01/05 15:01:54,640.971,61.4892311174,361.485,628.1325,824.715,2,463.23,639.70375,11.3382268804,611.595,642.015,709.965,2,98.37
3,2016/01/05 15:01:55,2016/01/05 15:02:49,622.189,14.3736577843,512.28,625.77,636.615,2,124.335,640.971,61.4892311174,361.485,628.1325,824.715,2,463.23
3,2016/01/05 15:02:49,2016/01/05 15:03:44,606.6395,18.2739548311,479.115,610.515,626.535,2,147.42,622.189,14.3736577843,512.28,625.77,636.615,2,124.335
3,2016/01/05 15:03:44,2016/01/05 15:04:38,580.031,86.633615288,260.64,611.1,654.435,2,393.795,606.6395,18.2739548311,479.115,610.515,626.535,2,147.42
3,2016/01/05 15:04:38,2016/01/05 15:05:32,622.28425,5.37001598144,597.825,622.26,634.095,2,36.27,580.031,86.633615288,260.64,611.1,654.435,2,393.795
3,2016/01/05 15:05:33,2016/01/05 15:06:27,608.84275,34.3457601543,345.51,616.455,625.455,2,279.945,622.28425,5.37001598144,597.825,622.26,634.095,2,36.27
3,2016/01/05 15:06:28,2016/01/05 15:07:22,602.8005,30.3669019373,462.645,609.0075,657.09,2,194.445,608.84275,34.3457601543,345.51,616.455,625.455,2,279.945
3,2016/01/05 15:07:22,2016/01/05 15:08:16,567.7345,66.0094423331,318.6,582.4575,653.85,2,335.25,602.8005,30.3669019373,462.645,609.0075,657.09,2,194.445
3,2016/01/05 15:08:17,2016/01/05 15:09:11,489.8655,133.686998358,272.115,554.175,690.66,2,418.545,567.7345,66.0094423331,318.6,582.4575,653.85,2,335.25
3,2016/01/05 15:09:11,2016/01/05 15:10:05,408.031,82.0990508189,240.255,400.5675,525.825,2,285.57,489.8655,133.686998358,272.115,554.175,690.66,2,418.545
3,2016/01/05 15:10:06,2016/01/05 15:11:00,523.2215,22.0907860788,483.66,532.7325,564.525,2,80.865,408.031,82.0990508189,240.255,400.5675,525.825,2,285.57
3,2016/01/05 15:11:00,2016/01/05 15:11:54,455.17775,117.68686135,286.785,540.495,633.555,2,346.77,523.2215,22.0907860788,483.66,532.7325,564.525,2,80.865
3,2016/01/05 15:11:55,2016/01/05 15:12:49,550.2235,105.912936631,285.48,598.77,642.87,2,357.39,455.17775,117.68686135,286.785,540.495,633.555,2,346.77
3,2016/01/05 15:12:49,2016/01/05 15:13:44,566.3425,53.4852480562,314.1,580.32,611.28,2,297.18,550.2235,105.912936631,285.48,598.77,642.87,2,357.39
3,2016/01/05 15:13:44,2016/01/05 15:14:39,477.95625,103.078732703,278.955,463.23,636.93,2,357.975,566.3425,53.4852480562,314.1,580.32,611.28,2,297.18
3,2016/01/05 15:14:39,2016/01/05 15:15:33,436.83075,34.3177570348,385.515,454.635,516.06,2,130.545,477.95625,103.078732703,278.955,463.23,636.93,2,357.975
3,2016/01/05 15:15:34,2016/01/05 15:16:28,351.9605,94.3173433048,226.485,383.76,503.91,2,277.425,436.83075,34.3177570348,385.515,454.635,516.06,2,130.545
3,2016/01/05 15:16:28,2016/01/05 15:17:22,443.4945,76.5915014377,236.025,472.41,528.885,2,292.86,351.9605,94.3173433048,226.485,383.76,503.91,2,277.425
3,2016/01/05 15:17:23,2016/01/05 15:18:17,456.9365,69.7276845921,319.275,432.0225,643.725,2,324.45,443.4945,76.5915014377,236.025,472.41,528.885,2,292.86
3,2016/01/05 15:18:18,2016/01/05 15:19:12,470.032,84.2291004474,291.24,497.5875,629.1,2,337.86,456.9365,69.7276845921,319.275,432.0225,643.725,2,324.45
3,2016/01/05 15:19:12,2016/01/05 15:20:06,376.75925,86.4435707218,221.4,329.5125,536.715,2,315.315,470.032,84.2291004474,291.24,497.5875,629.1,2,337.86
3,2016/01/05 15:20:06,2016/01/05 15:21:01,460.34625,34.2832977025,361.845,472.185,539.955,2,178.11,376.75925,86.4435707218,221.4,329.5125,536.715,2,315.315
3,2016/01/05 15:21:01,2016/01/05 15:21:55,401.02275,60.8855869192,310.905,424.53,547.425,2,236.52,460.34625,34.2832977025,361.845,472.185,539.955,2,178.11
3,2016/01/05 15:21:56,2016/01/05 15:22:50,479.945,130.893891558,276.705,569.1375,607.995,2,331.29,401.02275,60.8855869192,310.905,424.53,547.425,2,236.52
3,2016/01/05 15:22:51,2016/01/05 15:23:45,516.485,72.9070282494,241.335,543.15,583.29,2,341.955,479.945,130.893891558,276.705,569.1375,607.995,2,331.29
3,2016/01/05 15:23:45,2016/01/05 15:24:39,223.67025,75.0535225303,157.14,237.735,515.835,2,358.695,516.485,72.9070282494,241.335,543.15,583.29,2,341.955
3,2016/01/05 15:24:40,2016/01/05 15:25:34,414.71675,59.9131553262,305.865,430.92,551.07,2,245.205,223.67025,75.0535225303,157.14,237.735,515.835,2,358.695
3,2016/01/05 15:25:35,2016/01/05 15:26:29,427.62225,66.5602527376,300.24,442.665,536.13,2,235.89,414.71675,59.9131553262,305.865,430.92,551.07,2,245.205
3,2016/01/05 15:26:29,2016/01/05 15:27:25,394.7025,83.4726898293,231.03,440.73,510.93,2,279.9,427.62225,66.5602527376,300.24,442.665,536.13,2,235.89
3,2016/01/05 15:27:25,2016/01/05 15:28:20,411.04175,139.228427045,236.34,375.9075,670.365,2,434.025,394.7025,83.4726898293,231.03,440.73,510.93,2,279.9
3,2016/01/05 15:28:20,2016/01/05 15:29:14,264.8135,62.0370568409,211.32,243.8325,512.01,2,300.69,411.04175,139.228427045,236.34,375.9075,670.365,2,434.025
3,2016/01/05 15:29:14,2016/01/05 15:30:09,353.763,99.4436480618,146.52,343.3725,600.795,2,454.275,264.8135,62.0370568409,211.32,243.8325,512.01,2,300.69
3,2016/01/05 15:30:09,2016/01/05 15:31:03,175.3,62.7492352465,108.945,152.37,375.345,2,266.4,353.763,99.4436480618,146.52,343.3725,600.795,2,454.275
3,2016/01/05 15:31:04,2016/01/05 15:31:58,207.223,69.4929733669,123.075,155.0925,384.03,2,260.955,175.3,62.7492352465,108.945,152.37,375.345,2,266.4
3,2016/01/05 15:31:58,2016/01/05 15:32:52,187.79925,77.9507019804,103.68,162.7875,505.89,2,402.21,207.223,69.4929733669,123.075,155.0925,384.03,2,260.955
3,2016/01/05 15:32:52,2016/01/05 15:33:47,114.33075,51.4973589291,91.98,101.655,433.17,2,341.19,187.79925,77.9507019804,103.68,162.7875,505.89,2,402.21
3,2016/01/05 15:33:47,2016/01/05 15:34:41,160.2545,42.138321646,87.885,161.37,296.19,2,208.305,114.33075,51.4973589291,91.98,101.655,433.17,2,341.19
3,2016/01/05 15:34:41,2016/01/05 15:35:35,147.4355,8.0745358429,127.71,149.85,159.75,2,32.04,160.2545,42.138321646,87.885,161.37,296.19,2,208.305
3,2016/01/05 15:35:36,2016/01/05 15:36:31,281.0755,42.1181742878,150.075,284.13,488.655,2,338.58,147.4355,8.0745358429,127.71,149.85,159.75,2,32.04
3,2016/01/05 15:36:32,2016/01/05 15:37:26,165.9985,102.285529294,64.53,96.1425,409.545,2,345.015,281.0755,42.1181742878,150.075,284.13,488.655,2,338.58
3,2016/01/05 15:37:26,2016/01/05 15:38:20,182.564,181.885383495,63.495,87.4575,682.11,2,618.615,165.9985,102.285529294,64.53,96.1425,409.545,2,345.015
3,2016/01/05 15:38:21,2016/01/05 15:39:15,252.442,57.4480286445,121.05,247.365,427.68,2,306.63,182.564,181.885383495,63.495,87.4575,682.11,2,618.615
3,2016/01/05 15:39:15,2016/01/05 15:40:10,296.083,35.2598944535,233.505,292.095,370.71,2,137.205,252.442,57.4480286445,121.05,247.365,427.68,2,306.63
3,2016/01/05 15:40:10,2016/01/05 15:41:04,350.06575,8.98389162846,333.225,353.2275,379.125,2,45.9,296.083,35.2598944535,233.505,292.095,370.71,2,137.205
3,2016/01/05 15:41:05,2016/01/05 15:41:59,337.899,196.963029706,84.375,354.78,713.205,2,628.83,350.06575,8.98389162846,333.225,353.2275,379.125,2,45.9
3,2016/01/05 15:41:59,2016/01/05 15:42:54,415.7575,80.0743613085,259.785,456.57,496.755,2,236.97,337.899,196.963029706,84.375,354.78,713.205,2,628.83
3,2016/01/05 15:42:54,2016/01/05 15:43:48,539.78375,115.989967389,167.67,599.76,704.07,2,536.4,415.7575,80.0743613085,259.785,456.57,496.755,2,236.97
3,2016/01/05 15:43:48,2016/01/05 15:44:43,353.9575,114.022483653,205.83,289.53,576.27,2,370.44,539.78375,115.989967389,167.67,599.76,704.07,2,536.4
3,2016/01/05 15:44:43,2016/01/05 15:45:37,257.46975,125.008089468,153.99,171.7875,537.345,2,383.355,353.9575,114.022483653,205.83,289.53,576.27,2,370.44
3,2016/01/05 15:45:37,2016/01/05 15:46:31,403.87725,34.7981981862,380.52,389.385,516.15,2,135.63,257.46975,125.008089468,153.99,171.7875,537.345,2,383.355
3,2016/01/05 15:46:32,2016/01/05 15:47:26,423.40225,97.0592292047,284.715,410.0625,567.63,2,282.915,403.87725,34.7981981862,380.52,389.385,516.15,2,135.63
3,2016/01/05 15:47:26,2016/01/05 15:48:21,505.8795,25.9888671809,394.875,512.5725,527.445,2,132.57,423.40225,97.0592292047,284.715,410.0625,567.63,2,282.915
3,2016/01/05 15:48:21,2016/01/05 15:49:15,459.44125,111.268500488,130.59,497.4975,516.96,2,386.37,505.8795,25.9888671809,394.875,512.5725,527.445,2,132.57
3,2016/01/05 15:49:15,2016/01/05 15:50:09,174.82525,75.9580827036,116.91,147.375,457.065,2,340.155,459.44125,111.268500488,130.59,497.4975,516.96,2,386.37
3,2016/01/05 15:50:10,2016/01/05 15:51:04,220.52275,138.24389827,111.645,154.5075,524.385,2,412.74,174.82525,75.9580827036,116.91,147.375,457.065,2,340.155
3,2016/01/05 15:51:04,2016/01/05 15:51:59,331.073,130.21185884,125.1,380.52,564.48,2,439.38,220.52275,138.24389827,111.645,154.5075,524.385,2,412.74
3,2016/01/05 15:51:59,2016/01/05 15:52:53,392.55225,53.1850118769,248.94,386.55,530.145,2,281.205,331.073,130.21185884,125.1,380.52,564.48,2,439.38
3,2016/01/05 15:52:54,2016/01/05 15:53:48,411.5985,120.032971337,249.57,379.4175,614.52,2,364.95,392.55225,53.1850118769,248.94,386.55,530.145,2,281.205
3,2016/01/05 15:53:48,2016/01/05 15:54:43,472.9135,143.559822715,276.48,524.835,783.09,2,506.61,411.5985,120.032971337,249.57,379.4175,614.52,2,364.95
3,2016/01/05 15:54:43,2016/01/05 15:55:37,536.83075,88.7013601366,333.27,519.165,704.07,2,370.8,472.9135,143.559822715,276.48,524.835,783.09,2,506.61
3,2016/01/05 15:55:38,2016/01/05 15:56:32,450.7095,26.7848751518,353.88,445.635,497.79,2,143.91,536.83075,88.7013601366,333.27,519.165,704.07,2,370.8
3,2016/01/05 15:56:32,2016/01/05 15:57:26,369.34425,76.9213065402,197.46,404.145,502.11,2,304.65,450.7095,26.7848751518,353.88,445.635,497.79,2,143.91
3,2016/01/05 15:57:27,2016/01/05 15:58:21,405.314,18.1157304434,368.685,401.9175,455.895,2,87.21,369.34425,76.9213065402,197.46,404.145,502.11,2,304.65
3,2016/01/05 15:58:21,2016/01/05 15:59:15,375.626,43.0047495701,300.78,355.7475,482.265,2,181.485,405.314,18.1157304434,368.685,401.9175,455.895,2,87.21
3,2016/01/05 15:59:16,2016/01/05 16:00:10,376.9435,52.0418052756,157.545,379.3725,475.155,2,317.61,375.626,43.0047495701,300.78,355.7475,482.265,2,181.485
3,2016/01/05 16:00:10,2016/01/05 16:01:05,371.38325,133.350897439,134.145,400.59,588.78,1,454.635,376.9435,52.0418052756,157.545,379.3725,475.155,2,317.61
3,2016/01/05 16:01:05,2016/01/05 16:01:59,394.25925,16.8429765253,294.84,393.525,472.545,1,177.705,371.38325,133.350897439,134.145,400.59,588.78,1,454.635
3,2016/01/05 16:01:59,2016/01/05 16:02:54,398.537,6.4562118457,383.535,398.8125,410.58,1,27.045,394.25925,16.8429765253,294.84,393.525,472.545,1,177.705
3,2016/01/05 16:02:54,2016/01/05 16:03:48,415.8765,35.3614376924,255.42,407.6775,478.935,1,223.515,398.537,6.4562118457,383.535,398.8125,410.58,1,27.045
3,2016/01/05 16:03:48,2016/01/05 16:04:42,425.23325,54.7394514658,228.96,455.7825,502.335,1,273.375,415.8765,35.3614376924,255.42,407.6775,478.935,1,223.515
3,2016/01/05 16:04:43,2016/01/05 16:05:37,432.46925,40.8391160137,338.85,434.925,577.98,1,239.13,425.23325,54.7394514658,228.96,455.7825,502.335,1,273.375
3,2016/01/05 16:05:37,2016/01/05 16:06:31,390.42725,73.7157028864,320.895,336.6,581.31,1,260.415,432.46925,40.8391160137,338.85,434.925,577.98,1,239.13
3,2016/01/05 16:06:32,2016/01/05 16:07:26,443.778,51.8807622999,352.35,473.6925,516.555,1,164.205,390.42725,73.7157028864,320.895,336.6,581.31,1,260.415
3,2016/01/05 16:07:26,2016/01/05 16:08:20,406.13275,11.5850360075,387.405,404.19,456.93,1,69.525,443.778,51.8807622999,352.35,473.6925,516.555,1,164.205
3,2016/01/05 16:08:20,2016/01/05 16:09:15,417.68725,25.0323118634,378.27,416.9475,521.685,1,143.415,406.13275,11.5850360075,387.405,404.19,456.93,1,69.525
3,2016/01/05 16:09:15,2016/01/05 16:10:09,408.201,22.4241426061,293.175,411.48,477.945,1,184.77,417.68725,25.0323118634,378.27,416.9475,521.685,1,143.415
3,2016/01/05 16:10:09,2016/01/05 16:11:03,360.09125,51.1636098772,204.525,343.71,504.45,1,299.925,408.201,22.4241426061,293.175,411.48,477.945,1,184.77
3,2016/01/05 16:11:04,2016/01/05 16:11:58,519.3185,96.968279286,332.46,485.3475,856.44,1,523.98,360.09125,51.1636098772,204.525,343.71,504.45,1,299.925
3,2016/01/05 16:11:58,2016/01/05 16:12:53,486.915,31.407872781,412.11,490.725,546.84,1,134.73,519.3185,96.968279286,332.46,485.3475,856.44,1,523.98
3,2016/01/05 16:12:53,2016/01/05 16:13:47,461.22525,31.8503049382,396.315,457.47,537.48,1,141.165,486.915,31.407872781,412.11,490.725,546.84,1,134.73
3,2016/01/05 16:13:47,2016/01/05 16:14:42,468.209,30.9324545596,384.84,465.9075,531.18,1,146.34,461.22525,31.8503049382,396.315,457.47,537.48,1,141.165
3,2016/01/05 16:14:42,2016/01/05 16:15:36,465.577,55.6640885673,328.95,480.2175,581.715,1,252.765,468.209,30.9324545596,384.84,465.9075,531.18,1,146.34
3,2016/01/05 16:15:37,2016/01/05 16:16:31,482.84975,49.0186933168,283.905,479.655,615.33,1,331.425,465.577,55.6640885673,328.95,480.2175,581.715,1,252.765
3,2016/01/05 16:16:31,2016/01/05 16:17:25,372.85925,68.8691045403,284.13,355.635,583.335,1,299.205,482.84975,49.0186933168,283.905,479.655,615.33,1,331.425
3,2016/01/05 16:17:25,2016/01/05 16:18:20,357.18325,66.7635392322,232.2,362.745,533.385,1,301.185,372.85925,68.8691045403,284.13,355.635,583.335,1,299.205
3,2016/01/05 16:18:20,2016/01/05 16:19:15,304.98775,53.5150576687,258.93,283.545,490.77,1,231.84,357.18325,66.7635392322,232.2,362.745,533.385,1,301.185
3,2016/01/05 16:19:15,2016/01/05 16:20:09,181.21025,79.8828504125,87.93,158.085,387.09,1,299.16,304.98775,53.5150576687,258.93,283.545,490.77,1,231.84
3,2016/01/05 16:20:10,2016/01/05 16:21:04,214.19675,109.760921167,124.11,149.49,538.785,1,414.675,181.21025,79.8828504125,87.93,158.085,387.09,1,299.16
3,2016/01/05 16:21:04,2016/01/05 16:21:58,192.8545,65.7141488916,64.125,178.155,410.04,1,345.915,214.19675,109.760921167,124.11,149.49,538.785,1,414.675
3,2016/01/05 16:21:59,2016/01/05 16:22:54,189.5205,30.8865130395,156.69,181.485,320.085,1,163.395,192.8545,65.7141488916,64.125,178.155,410.04,1,345.915
3,2016/01/05 16:22:54,2016/01/05 16:23:48,260.4085,70.0755515067,153.855,300.915,463.14,1,309.285,189.5205,30.8865130395,156.69,181.485,320.085,1,163.395
3,2016/01/05 16:23:48,2016/01/05 16:24:45,296.405,4.6495728764,281.79,295.74,316.8,1,35.01,260.4085,70.0755515067,153.855,300.915,463.14,1,309.285
3,2016/01/05 16:24:46,2016/01/05 16:25:40,154.07675,51.6247731946,107.46,147.285,337.005,1,229.545,296.405,4.6495728764,281.79,295.74,316.8,1,35.01
3,2016/01/05 16:25:40,2016/01/05 16:26:34,204.00425,38.7194692899,143.145,194.3325,374.49,1,231.345,154.07675,51.6247731946,107.46,147.285,337.005,1,229.545
3,2016/01/05 16:26:35,2016/01/05 16:27:30,270.5885,113.183941866,145.485,218.43,542.205,1,396.72,204.00425,38.7194692899,143.145,194.3325,374.49,1,231.345
3,2016/01/05 16:27:30,2016/01/05 16:28:25,276.88675,57.8942557418,115.875,296.1675,363.78,1,247.905,270.5885,113.183941866,145.485,218.43,542.205,1,396.72
3,2016/01/05 16:28:25,2016/01/05 16:29:20,147.06125,65.561621834,88.56,113.3775,426.735,1,338.175,276.88675,57.8942557418,115.875,296.1675,363.78,1,247.905
3,2016/01/05 16:29:21,2016/01/05 16:30:15,305.7475,41.1702528325,153.855,305.775,531.72,1,377.865,147.06125,65.561621834,88.56,113.3775,426.735,1,338.175
3,2016/01/05 16:30:15,2016/01/05 16:31:10,332.99875,53.090921127,257.175,307.485,583.605,1,326.43,305.7475,41.1702528325,153.855,305.775,531.72,1,377.865
3,2016/01/05 16:31:10,2016/01/05 16:32:04,238.06375,48.8878734632,205.56,227.295,437.85,1,232.29,332.99875,53.090921127,257.175,307.485,583.605,1,326.43
3,2016/01/05 16:32:05,2016/01/05 16:32:59,322.85375,96.2198321203,102.375,335.61,617.805,1,515.43,238.06375,48.8878734632,205.56,227.295,437.85,1,232.29
3,2016/01/05 16:32:59,2016/01/05 16:33:53,129.373,126.187603966,85.59,94.8825,684.765,1,599.175,322.85375,96.2198321203,102.375,335.61,617.805,1,515.43
3,2016/01/05 16:33:53,2016/01/05 16:34:48,257.3075,104.598844042,164.205,224.28,619.11,1,454.905,129.373,126.187603966,85.59,94.8825,684.765,1,599.175
3,2016/01/05 16:34:48,2016/01/05 16:35:43,274.954,161.682532109,132.345,230.5125,788.58,1,656.235,257.3075,104.598844042,164.205,224.28,619.11,1,454.905
3,2016/01/05 16:35:43,2016/01/05 16:36:38,215.44275,39.5416204539,137.925,200.205,331.695,1,193.77,274.954,161.682532109,132.345,230.5125,788.58,1,656.235
3,2016/01/05 16:36:38,2016/01/05 16:37:32,235.2635,44.9677698295,150.165,224.3925,391.725,1,241.56,215.44275,39.5416204539,137.925,200.205,331.695,1,193.77
3,2016/01/05 16:37:33,2016/01/05 16:38:28,325.76275,127.159619531,208.665,287.37,690.39,1,481.725,235.2635,44.9677698295,150.165,224.3925,391.725,1,241.56
3,2016/01/05 16:38:28,2016/01/05 16:39:23,397.9035,153.230043089,246.15,337.32,808.245,1,562.095,325.76275,127.159619531,208.665,287.37,690.39,1,481.725
3,2016/01/05 16:39:24,2016/01/05 16:40:18,366.0305,60.7831892559,263.25,345.8475,580.32,1,317.07,397.9035,153.230043089,246.15,337.32,808.245,1,562.095
3,2016/01/05 16:40:18,2016/01/05 16:41:13,315.35125,28.7838102573,285.075,306.945,436.5,1,151.425,366.0305,60.7831892559,263.25,345.8475,580.32,1,317.07
3,2016/01/05 16:41:13,2016/01/05 16:42:08,412.58425,78.7040211229,297.63,423.5625,546.48,1,248.85,315.35125,28.7838102573,285.075,306.945,436.5,1,151.425
3,2016/01/05 16:42:08,2016/01/05 16:43:02,463.344,79.3479576191,271.8,471.3975,583.425,1,311.625,412.58425,78.7040211229,297.63,423.5625,546.48,1,248.85
3,2016/01/05 16:43:02,2016/01/05 16:43:57,477.95175,117.400074967,289.89,411.2775,727.155,1,437.265,463.344,79.3479576191,271.8,471.3975,583.425,1,311.625
3,2016/01/05 16:43:57,2016/01/05 16:44:52,431.52525,59.1258870681,319.185,402.5475,590.85,1,271.665,477.95175,117.400074967,289.89,411.2775,727.155,1,437.265
3,2016/01/05 16:44:52,2016/01/05 16:45:46,414.63825,7.78066107249,386.82,414.6075,436.815,1,49.995,431.52525,59.1258870681,319.185,402.5475,590.85,1,271.665
3,2016/01/05 16:45:46,2016/01/05 16:46:41,462.97675,100.358780465,301.14,417.42,689.49,1,388.35,414.63825,7.78066107249,386.82,414.6075,436.815,1,49.995
3,2016/01/05 16:46:41,2016/01/05 16:47:35,506.98775,105.66410594,274.635,562.14,589.14,1,314.505,462.97675,100.358780465,301.14,417.42,689.49,1,388.35
3,2016/01/05 16:47:36,2016/01/05 16:48:30,569.83775,17.2773550026,464.715,572.8275,594.81,1,130.095,506.98775,105.66410594,274.635,562.14,589.14,1,314.505
3,2016/01/05 16:48:30,2016/01/05 16:49:24,576.46575,5.6511808099,562.95,576.225,590.625,1,27.675,569.83775,17.2773550026,464.715,572.8275,594.81,1,130.095
3,2016/01/05 16:49:24,2016/01/05 16:50:18,559.81925,39.3860287436,322.83,560.8575,688.455,1,365.625,576.46575,5.6511808099,562.95,576.225,590.625,1,27.675
3,2016/01/05 16:50:19,2016/01/05 16:51:13,556.29775,8.08975725366,533.385,556.4025,592.83,1,59.445,559.81925,39.3860287436,322.83,560.8575,688.455,1,365.625
3,2016/01/05 16:51:13,2016/01/05 16:52:08,546.50475,67.7549327675,302.985,578.565,606.285,1,303.3,556.29775,8.08975725366,533.385,556.4025,592.83,1,59.445
3,2016/01/05 16:52:08,2016/01/05 16:53:02,553.67825,83.9968215122,259.65,590.49,614.745,1,355.095,546.50475,67.7549327675,302.985,578.565,606.285,1,303.3
3,2016/01/05 16:53:03,2016/01/05 16:53:57,523.39125,33.593841485,391.995,532.7775,556.38,1,164.385,553.67825,83.9968215122,259.65,590.49,614.745,1,355.095
3,2016/01/05 16:53:57,2016/01/05 16:54:51,540.90475,9.68901777478,511.065,540.6075,566.73,1,55.665,523.39125,33.593841485,391.995,532.7775,556.38,1,164.385
3,2016/01/05 16:54:51,2016/01/05 16:55:46,512.573,85.120299822,278.775,544.41,632.565,1,353.79,540.90475,9.68901777478,511.065,540.6075,566.73,1,55.665
3,2016/01/05 16:55:46,2016/01/05 16:56:40,525.0895,80.8456119895,254.16,554.175,582.795,1,328.635,512.573,85.120299822,278.775,544.41,632.565,1,353.79
3,2016/01/05 16:56:40,2016/01/05 16:57:34,549.32975,39.0353712443,313.38,556.0425,572.22,1,258.84,525.0895,80.8456119895,254.16,554.175,582.795,1,328.635
3,2016/01/05 16:57:35,2016/01/05 16:58:29,540.585,69.4375863394,292.905,571.3875,607.5,1,314.595,549.32975,39.0353712443,313.38,556.0425,572.22,1,258.84
